Site.Key,M.Year,Product.Simple,Plant.Start,Plant.End,reason,n_rows
-0.0849 36.3803 B7500,1987.1..1988.1..1989.1..1990.1..1991.1..1992.1..1993.1..1994.1,Potato,NA,NA,aggregated M.Year,2
-0.0870 37.6640 B1000,1987.1..1988.1..1989.1..1990.1..1991.1..1992.1..1993.1..1994.1,Potato,NA,NA,aggregated M.Year,3
-0.1205 34.7454 B3000,2006 LR,Maize-Tephrosia candida,2006-03-01,2006-03-31,no climate row for this key,4
-0.1631 35.7057 B15000,1987.1..1988.1..1989.1..1990.1..1991.1..1992.1..1993.1..1994.1,Potato,NA,NA,aggregated M.Year,2
-0.3671 35.1759 B10000,1987.1..1988.1..1989.1..1990.1..1991.1..1992.1..1993.1..1994.1,Potato,NA,NA,aggregated M.Year,2
-0.4292 37.4744 B7500,1987.1..1988.1..1989.1..1990.1..1991.1..1992.1..1993.1..1994.1,Potato,NA,NA,aggregated M.Year,3
-0.4310 34.2080 B200,2004.2,Maize,2004-10-01,2004-10-30,no climate row for this key,6
-0.4310 34.2080 B200,2005.1,Common Bean-Maize,NA,NA,no planting date,5
-0.4310 34.2080 B200,2005.1,Cowpea-Maize,NA,NA,no planting date,5
-0.4310 34.2080 B200,2005.1,Groundnut-Maize,NA,NA,no planting date,5
-0.4310 34.2080 B200,2005.1,Maize-Mung Bean,NA,NA,no planting date,5
-0.4310 34.2080 B200,2005.2,Common Bean-Maize,NA,NA,no planting date,5
-0.4310 34.2080 B200,2005.2,Cowpea-Maize,NA,NA,no planting date,5
-0.4310 34.2080 B200,2005.2,Groundnut-Maize,NA,NA,no planting date,5
-0.4310 34.2080 B200,2005.2,Maize,2006-10-01,2006-10-31,no climate row for this key,6
-0.4310 34.2080 B200,2005.2,Maize,NA,NA,no planting date,15
-0.4310 34.2080 B200,2005.2,Maize-Mung Bean,NA,NA,no planting date,5
-0.4310 34.2080 B200,2006.1,Common Bean-Maize,NA,NA,no planting date,5
-0.4310 34.2080 B200,2006.1,Cowpea-Maize,NA,NA,no planting date,5
-0.4310 34.2080 B200,2006.1,Groundnut-Maize,NA,NA,no planting date,5
-0.4310 34.2080 B200,2006.1,Maize-Mung Bean,NA,NA,no planting date,5
-0.4310 34.2080 B200,2006.2,Common Bean-Maize,NA,NA,no planting date,1
-0.4310 34.2080 B200,2006.2,Cowpea-Maize,NA,NA,no planting date,1
-0.4310 34.2080 B200,2006.2,Groundnut-Maize,NA,NA,no planting date,1
-0.4310 34.2080 B200,2006.2,Maize-Mung Bean,NA,NA,no planting date,1
-0.4310 34.2080 B200,2007.1,Common Bean-Maize,NA,NA,no planting date,1
-0.4310 34.2080 B200,2007.1,Cowpea-Maize,NA,NA,no planting date,1
-0.4310 34.2080 B200,2007.1,Groundnut-Maize,NA,NA,no planting date,1
-0.4310 34.2080 B200,2007.1,Maize,2009-03-01,2009-03-31,no climate row for this key,6
-0.4310 34.2080 B200,2007.1,Maize,NA,NA,no planting date,7
-0.4310 34.2080 B200,2007.1,Maize-Mung Bean,NA,NA,no planting date,1
-0.4310 34.2080 B200,2007.2,Common Bean-Maize,NA,NA,no planting date,1
-0.4310 34.2080 B200,2007.2,Cowpea-Maize,NA,NA,no planting date,1
-0.4310 34.2080 B200,2007.2,Groundnut-Maize,NA,NA,no planting date,1
-0.4310 34.2080 B200,2007.2,Maize-Mung Bean,NA,NA,no planting date,1
-0.4310 34.2080 B200,2008.1,Common Bean-Maize,NA,NA,no planting date,1
-0.4310 34.2080 B200,2008.1,Cowpea-Maize,NA,NA,no planting date,1
-0.4310 34.2080 B200,2008.1,Groundnut-Maize,NA,NA,no planting date,1
-0.4310 34.2080 B200,2008.1,Maize-Mung Bean,NA,NA,no planting date,1
-0.4310 34.2080 B200,2008.2,Common Bean-Maize,NA,NA,no planting date,1
-0.4310 34.2080 B200,2008.2,Cowpea-Maize,NA,NA,no planting date,1
-0.4310 34.2080 B200,2008.2,Groundnut-Maize,NA,NA,no planting date,1
-0.4310 34.2080 B200,2008.2,Maize,2012-10-01,2012-10-31,no climate row for this key,6
-0.4310 34.2080 B200,2008.2,Maize,NA,NA,no planting date,7
-0.4310 34.2080 B200,2008.2,Maize-Mung Bean,NA,NA,no planting date,1
-0.4310 34.2080 B200,2009.1,Common Bean-Maize,NA,NA,no planting date,1
-0.4310 34.2080 B200,2009.1,Cowpea-Maize,NA,NA,no planting date,1
-0.4310 34.2080 B200,2009.1,Groundnut-Maize,NA,NA,no planting date,1
-0.4310 34.2080 B200,2009.1,Maize-Mung Bean,NA,NA,no planting date,1
-0.4310 34.2080 B200,2009.2,Common Bean-Maize,NA,NA,no planting date,1
-0.4310 34.2080 B200,2009.2,Cowpea-Maize,NA,NA,no planting date,1
-0.4310 34.2080 B200,2009.2,Groundnut-Maize,NA,NA,no planting date,1
-0.4310 34.2080 B200,2009.2,Maize-Mung Bean,NA,NA,no planting date,1
-0.4310 34.2080 B200,2010.1,Common Bean-Maize,NA,NA,no planting date,1
-0.4310 34.2080 B200,2010.1,Cowpea-Maize,NA,NA,no planting date,1
-0.4310 34.2080 B200,2010.1,Groundnut-Maize,NA,NA,no planting date,1
-0.4310 34.2080 B200,2010.1,Maize-Mung Bean,NA,NA,no planting date,1
-0.4310 34.2080 B200,2010.2,Common Bean-Maize,NA,NA,no planting date,1
-0.4310 34.2080 B200,2010.2,Cowpea-Maize,NA,NA,no planting date,1
-0.4310 34.2080 B200,2010.2,Groundnut-Maize,NA,NA,no planting date,1
-0.4310 34.2080 B200,2010.2,Maize,NA,NA,no planting date,7
-0.4310 34.2080 B200,2010.2,Maize-Mung Bean,NA,NA,no planting date,1
-0.4310 34.2080 B200,2011.1,Common Bean-Maize,NA,NA,no planting date,1
-0.4310 34.2080 B200,2011.1,Cowpea-Maize,NA,NA,no planting date,1
-0.4310 34.2080 B200,2011.1,Groundnut-Maize,NA,NA,no planting date,1
-0.4310 34.2080 B200,2011.1,Maize,NA,NA,no planting date,7
-0.4310 34.2080 B200,2011.1,Maize-Mung Bean,NA,NA,no planting date,1
-0.4310 34.2080 B200,2011.2,Common Bean-Maize,NA,NA,no planting date,1
-0.4310 34.2080 B200,2011.2,Cowpea-Maize,NA,NA,no planting date,1
-0.4310 34.2080 B200,2011.2,Groundnut-Maize,NA,NA,no planting date,1
-0.4310 34.2080 B200,2011.2,Maize,NA,NA,no planting date,7
-0.4310 34.2080 B200,2011.2,Maize-Mung Bean,NA,NA,no planting date,1
-0.4310 34.2080 B200,2012.1,Common Bean-Maize,NA,NA,no planting date,1
-0.4310 34.2080 B200,2012.1,Cowpea-Maize,NA,NA,no planting date,1
-0.4310 34.2080 B200,2012.1,Groundnut-Maize,NA,NA,no planting date,1
-0.4310 34.2080 B200,2012.1,Maize,NA,NA,no planting date,7
-0.4310 34.2080 B200,2012.1,Maize-Mung Bean,NA,NA,no planting date,1
-0.4310 34.2080 B200,2012.2,Common Bean-Maize,NA,NA,no planting date,1
-0.4310 34.2080 B200,2012.2,Cowpea-Maize,NA,NA,no planting date,1
-0.4310 34.2080 B200,2012.2,Groundnut-Maize,NA,NA,no planting date,1
-0.4310 34.2080 B200,2012.2,Maize,NA,NA,no planting date,7
-0.4310 34.2080 B200,2012.2,Maize-Mung Bean,NA,NA,no planting date,1
-0.5000 37.5000 B6000,LR2009,Maize,NA,NA,no planting date,2
-0.5000 37.5000 B6000,LR2010,Maize,NA,NA,no planting date,2
-0.5000 37.5000 B6000,LR2011,Maize,NA,NA,no planting date,2
-0.5000 37.5000 B6000,LR2014,Maize,NA,NA,no planting date,2
-0.5000 37.5000 B6000,LR2015,Maize,NA,NA,no planting date,2
-0.5000 37.5000 B6000,SR2006,Maize,NA,NA,no planting date,2
-0.5000 37.5000 B6000,SR2007,Soybean,NA,NA,no planting date,2
-0.5000 37.5000 B6000,SR2008,Soybean,NA,NA,no planting date,2
-0.5000 37.5000 B6000,SR2009,Soybean,NA,NA,no planting date,2
-0.5000 37.5000 B6000,SR2010,Soybean,NA,NA,no planting date,2
-0.5000 37.5000 B6000,SR2011,Soybean,NA,NA,no planting date,2
-0.5000 37.5000 B6000,SR2013,Soybean,NA,NA,no planting date,2
-0.5000 37.5000 B6000,SR2014,Soybean,NA,NA,no planting date,2
-0.5000 37.5000 B6000,SR2015,Soybean,NA,NA,no planting date,2
-0.5000 37.6667 B24000,2013.1,Maize,2013-03-01,2013-03-31,no climate row for this key,5
-0.5035 37.4578 B300,2004,Maize,NA,NA,no planting date,32
-0.5035 37.4578 B300,2005,Maize,NA,NA,no planting date,48
-0.5056 37.2863 B15000,1987.1..1988.1..1989.1..1990.1..1991.1..1992.1..1993.1..1994.1,Potato,NA,NA,aggregated M.Year,3
-0.5170 37.4590 B1000,2003 SR..2003 LR,Maize,NA,NA,aggregated M.Year,50
-0.5170 37.4590 B1000,2018 SR..2018 LR,Maize,NA,NA,aggregated M.Year,50
-0.5355 34.1777 B25000,1999.1,Common Bean-Maize,1999-03-01,1999-04-30,no climate row for this key,4
-0.5355 34.1777 B25000,2000.1,Common Bean-Maize,2000-03-01,2000-04-30,no climate row for this key,4
-0.5355 34.1777 B25000,2001.1,Common Bean-Maize,2001-03-01,2001-04-30,no climate row for this key,4
-0.5355 34.1777 B25000,2002.1,Common Bean-Maize,2002-03-01,2002-04-30,no climate row for this key,4
-0.5355 34.1777 B25000,2003.1,Common Bean-Maize,2003-03-01,2003-04-30,no climate row for this key,4
-0.5355 34.1777 B25000,2004.1,Common Bean-Maize,NA,NA,no planting date,4
-0.5363 37.4601 B3000,2006 LR,Maize,2006-03-01,2006-03-31,no climate row for this key,4
-0.5392 37.4607 B2000,2013,Maize,NA,NA,no planting date,24
-0.6475 36.6090 B8500,1987.1..1988.1..1989.1..1990.1..1991.1..1992.1..1993.1..1994.1,Potato,NA,NA,aggregated M.Year,3
-0.7061 37.0515 B25000,1987.1..1988.1..1989.1..1990.1..1991.1..1992.1..1993.1..1994.1,Potato,NA,NA,aggregated M.Year,2
-0.7229 34.7629 B5500,1987.1..1988.1..1989.1..1990.1..1991.1..1992.1..1993.1..1994.1,Potato,NA,NA,aggregated M.Year,2
-0.7338 36.6594 B10000,1987.1..1988.1..1989.1..1990.1..1991.1..1992.1..1993.1..1994.1,Potato,NA,NA,aggregated M.Year,2
-0.7760 37.6600 B1000,2005,Maize,NA,NA,no planting date,16
-0.7785 34.7742 B25000,2001.1,Common Bean-Maize,2001-03-01,2001-04-30,no climate row for this key,4
-0.7785 34.7742 B25000,2002.1,Common Bean-Maize,2002-03-01,2002-04-30,no climate row for this key,4
-0.7785 34.7742 B25000,2003.1,Common Bean-Maize,2003-03-01,2003-04-30,no climate row for this key,4
-0.7785 34.7742 B25000,2004.1,Common Bean-Maize,NA,NA,no planting date,4
-0.7833 37.6667 B1000,2013.1,Maize,2013-03-01,2013-03-31,no climate row for this key,1
-0.7908 37.6626 B1500,2013,Maize,NA,NA,no planting date,23
-0.7930 37.6640 B1000,2003 SR..2003 LR,Maize,NA,NA,aggregated M.Year,50
-0.7930 37.6640 B1000,2018 SR..2018 LR,Maize,NA,NA,aggregated M.Year,50
-0.8351 34.8856 B8500,1987.1..1988.1..1989.1..1990.1..1991.1..1992.1..1993.1..1994.1,Potato,NA,NA,aggregated M.Year,2
-0.9693 35.1942 B8500,1987.1..1988.1..1989.1..1990.1..1991.1..1992.1..1993.1..1994.1,Potato,NA,NA,aggregated M.Year,2
-1.0151 35.8962 B5500,1987.1..1988.1..1989.1..1990.1..1991.1..1992.1..1993.1..1994.1,Potato,NA,NA,aggregated M.Year,2
-1.0494 36.7288 B10000,1987.1..1988.1..1989.1..1990.1..1991.1..1992.1..1993.1..1994.1,Potato,NA,NA,aggregated M.Year,2
-1.2500 36.7300 B1000,1977,Maize,1977-03-22,1977-04-21,no climate row for this key,2
-1.2500 36.7300 B1000,1978,Maize,1978-03-22,1978-04-21,no climate row for this key,2
-1.2500 36.7300 B1000,1979,Maize,1979-03-22,1979-04-21,no climate row for this key,2
-1.2500 36.7300 B1000,1980,Maize,1980-03-22,1980-04-21,no climate row for this key,2
-1.2500 36.7300 B1000,1981,Maize,1981-03-22,1981-04-21,no climate row for this key,2
-1.2500 36.7300 B1000,1982,Maize,1982-03-22,1982-04-21,no climate row for this key,2
-1.2500 36.7300 B1000,1983,Maize,1983-03-22,1983-04-21,no climate row for this key,2
-1.2500 36.7300 B1000,1994.1,Maize,1994-02-01,1994-04-30,no climate row for this key,16
-1.2500 36.7300 B1000,1994.2,Common Bean-Maize,NA,NA,no planting date,38
-1.5824 37.2432 B800,1989 SR..1990 LR..1990 SR..1991 LR..1991 SR..1992 LR..1992 SR..1993 LR..1993 SR..1994 LR..1994 SR..1995 LR..1995 SR,Maize-Natural Fallow,NA,NA,aggregated M.Year,8
-1.5824 37.2432 B800,1989 SR..1990 LR..1990 SR..1991 LR..1991 SR..1992 LR..1992 SR..1993 LR..1993 SR..1994 LR..1994 SR..1995 LR..1995 SR,Maize-Pigeon Pea,NA,NA,aggregated M.Year,4
-1.5824 37.2432 B800,1989.2,Common Bean-Maize,NA,NA,no planting date,3
-1.5824 37.2432 B800,1989.2..1990.1..1990.2..1991.1..1991.2..1992.1..1992.2..1993.1..1993.2..1994.1..1994.2..1995.1,Common Bean-Maize,NA,NA,aggregated M.Year,3
-1.5824 37.2432 B800,1991 SR,Maize,1991-09-15,1991-10-15,no climate row for this key,5
-1.5824 37.2432 B800,1991 SR,Natural Fallow,1991-10-01,1991-10-31,no climate row for this key,1
-1.5824 37.2432 B800,1991.1,Maize,1991-03-01,1991-03-31,no climate row for this key,15
-1.5824 37.2432 B800,1992 SR,Maize,1992-09-15,1992-10-15,no climate row for this key,5
-1.5824 37.2432 B800,1992 SR,Natural Fallow,1992-10-01,1992-10-31,no climate row for this key,1
-1.5824 37.2432 B800,1993 SR,Maize-Natural Fallow,1993-10-01,1993-10-31,no climate row for this key,36
-1.5824 37.2432 B800,1993 SR,Natural Fallow,1993-10-01,1993-10-31,no climate row for this key,1
-1.5824 37.2432 B800,1993.2,Maize,1993-10-01,1993-10-31,no climate row for this key,9
-1.5824 37.2432 B800,1994 LR,Maize-Natural Fallow,1994-02-15,1994-03-15,no climate row for this key,2
-1.5824 37.2432 B800,1994 LR,Maize-Pigeon Pea,1994-02-15,1994-03-15,no climate row for this key,1
-1.5824 37.2432 B800,1994 SR,Natural Fallow,1994-10-01,1994-10-31,no climate row for this key,1
-1.5824 37.2432 B800,1995.1,Common Bean-Maize,NA,NA,no planting date,3
-1.5824 37.2432 B800,1996 LR,Maize-Natural Fallow,1996-03-01,1996-03-31,no climate row for this key,36
-1.5824 37.2432 B800,1997 LR,Maize-Natural Fallow,1997-03-01,1997-03-31,no climate row for this key,36
-1.9242 29.9902 B2000,1987,Common Bean-Maize-Sorghum-Sweet Potato,NA,NA,no planting date,58
-10.1740 31.2260 B500,1985.1990,Maize,NA,NA,no planting date,30
-10.1740 31.2260 B500,1990,Maize-Soybean,NA,NA,no planting date,6
-10.1740 31.2260 B500,1991,Leucaena leucocephala-Maize,1990-12-19,1990-12-19,no climate row for this key,37
-11.9000 33.6000 B120000,2006,Maize,NA,NA,no planting date,3
-11.9000 33.6000 B120000,2007,Maize,NA,NA,no planting date,3
-11.9000 33.6000 B120000,2008,Maize,NA,NA,no planting date,3
-11.9000 33.6000 B120000,2009,Maize,NA,NA,no planting date,3
-12.8000 34.2000 B5500,2006.2011,Maize,NA,NA,no planting date,3
-12.8000 34.2000 B5500,2009,Maize,2009-11-21,2009-12-15,no climate row for this key,6
-12.8000 34.2000 B5500,2012,Maize,2012-11-21,2012-12-15,no climate row for this key,6
-13.0000 33.8000 B5500,2006.2011,Cowpea-Maize-Pigeon Pea,NA,NA,no planting date,2
-13.0000 33.8000 B5500,2006.2011,Maize,NA,NA,no planting date,1
-13.1000 32.4000 B100000,,Maize,NA,NA,no planting date,44
-13.2300 34.2400 B2500,2006,Cowpea-Maize,2006-11-01,2006-12-31,no climate row for this key,4
-13.2300 34.2400 B2500,2006.2011,Cowpea-Maize,NA,NA,no planting date,12
-13.2300 34.2400 B2500,2006.2011,Maize,NA,NA,no planting date,9
-13.2300 34.2400 B2500,2007,Cowpea-Maize,2007-11-01,2007-12-31,no climate row for this key,2
-13.2300 34.2400 B2500,2007,Cowpea-Maize,2008-11-01,2008-12-31,no climate row for this key,2
-13.2300 34.2400 B2500,2008,Cowpea-Maize,2008-11-01,2008-12-31,no climate row for this key,4
-13.2300 34.2400 B2500,2009,Cowpea-Maize,2009-11-01,2009-12-31,no climate row for this key,4
-13.2300 34.2400 B2500,2010,Cowpea-Maize,2010-11-01,2010-12-31,no climate row for this key,4
-13.2300 34.2400 B2500,2011,Cowpea-Maize,2011-11-01,2011-12-31,no climate row for this key,20
-13.2300 34.2400 B2500,2012,Cowpea-Maize,2012-01-05,2012-01-05,no climate row for this key,9
-13.2300 34.2400 B2500,2013,Cowpea-Maize,2012-12-01,2013-02-15,no climate row for this key,6
-13.2300 34.2400 B2500,2013,Cowpea-Maize,NA,NA,no planting date,3
-13.2300 34.2400 B2500,2014,Cowpea-Maize,2013-12-01,2014-02-15,no climate row for this key,6
-13.2300 34.2400 B2500,2014,Cowpea-Maize,NA,NA,no planting date,3
-13.2900 34.1300 B550,2006.2011,Maize,NA,NA,no planting date,3
-13.2900 34.1300 B550,2012,Cowpea-Maize,2011-12-10,2011-12-10,no climate row for this key,6
-13.2900 34.1300 B550,2013,Cowpea-Maize,2012-12-01,2013-02-15,no climate row for this key,6
-13.2900 34.1300 B550,2014,Cowpea-Maize,2013-12-01,2014-02-15,no climate row for this key,6
-13.6456 32.5603 B300,1992..1993..1994..1995..1996..1997..1998..1999..2000..2001..2002..2003,Maize,NA,NA,aggregated M.Year,2
-13.6456 32.5603 B300,1993..1994..1995..1996..1997..1998..1999..2000..2001..2002..2003..2004,Maize,NA,NA,aggregated M.Year,2
-13.6514 33.9358 B250,2006.2011,Maize,NA,NA,no planting date,3
-13.6900 34.2400 B550,2006.2011,Maize,NA,NA,no planting date,3
-13.6900 34.2400 B550,2009,Maize,2009-11-21,2009-12-15,no climate row for this key,6
-13.7600 34.0500 B550,2006.2011,Maize,NA,NA,no planting date,3
-13.7600 34.0500 B550,2007,Maize,2007-11-21,2007-12-15,no climate row for this key,6
-13.7600 34.0500 B550,2009,Maize,2009-11-21,2009-12-15,no climate row for this key,6
-13.7600 34.4700 B550,2007.2011,Maize,NA,NA,no planting date,3
-13.7667 34.4500 B3000,2011..2012..2013..2014..2015..2016..2017..2018..2019,Groundnut-Maize,NA,NA,aggregated M.Year,7
-13.7667 34.4500 B3000,2011..2012..2013..2014..2015..2016..2017..2018..2019,Maize,NA,NA,aggregated M.Year,18
-13.7667 34.4500 B3000,2019,Groundnut-Maize,2019-12-21,2019-12-31,no climate row for this key,2
-13.7667 34.4500 B3000,2019,Maize,2019-12-21,2019-12-31,no climate row for this key,4
-13.9600 33.7800 B550,2007.2011,Maize,NA,NA,no planting date,3
-13.9738 33.6528 B1000,2010,Cowpea-Maize,NA,NA,no planting date,1
-14.3109 28.7080 B500000,2003,Maize,NA,NA,no planting date,20
-14.3109 28.7080 B500000,2007,Maize,NA,NA,no planting date,20
-14.7900 35.0200 B550,2006.2011,Maize,NA,NA,no planting date,9
-14.7900 35.0200 B550,2006.2011,Maize-Pigeon Pea,NA,NA,no planting date,12
-14.7900 35.0200 B550,2007,Maize-Pigeon Pea,2007-11-01,2007-12-31,no climate row for this key,4
-14.7900 35.0200 B550,2008,Maize-Pigeon Pea,2008-11-01,2008-12-31,no climate row for this key,4
-14.7900 35.0200 B550,2009,Maize-Pigeon Pea,2009-11-01,2009-12-31,no climate row for this key,4
-14.7900 35.0200 B550,2010,Maize-Pigeon Pea,2010-11-01,2010-12-31,no climate row for this key,4
-14.7900 35.0200 B550,2011,Maize-Pigeon Pea,2011-11-01,2011-12-31,no climate row for this key,20
-14.8760 35.1110 B11500,2006.2011,Cowpea-Maize-Pigeon Pea,NA,NA,no planting date,2
-14.8760 35.1110 B11500,2006.2011,Maize,NA,NA,no planting date,1
-14.8800 35.0400 B550,2006.2011,Maize,NA,NA,no planting date,3
-14.9600 34.9800 B550,2006.2011,Maize,NA,NA,no planting date,3
-15.1700 35.2800 B550,2006.2011,Maize,NA,NA,no planting date,3
-15.1700 35.2800 B550,2007,Maize,2007-11-21,2007-12-15,no climate row for this key,6
-15.3230 35.3877 B3000,1998,Natural Fallow,NA,NA,no planting date,2
-15.3230 35.3877 B3000,1999,Natural Fallow,NA,NA,no planting date,2
-15.3230 35.3877 B3000,2000,Natural Fallow,NA,NA,no planting date,2
-15.4200 28.8800 B550,2011,Maize,NA,NA,no planting date,2
-15.4730 35.4502 B1000,1993..1994..1995..1996..1997..1998..1999..2000..2001..2002..2003..2004,Maize,NA,NA,aggregated M.Year,4
-15.4730 35.4502 B1000,1995,Maize,1994-12-01,1995-12-31,no climate row for this key,9
-15.4730 35.4502 B1000,1997,Natural Fallow,NA,NA,no planting date,2
-15.4730 35.4502 B1000,1998,Natural Fallow,NA,NA,no planting date,2
-15.4730 35.4502 B1000,1999,Natural Fallow,NA,NA,no planting date,2
-15.4730 35.4502 B1000,2000,Natural Fallow,NA,NA,no planting date,9
-15.4730 35.4502 B1000,2002,Maize-Natural Fallow,2001-12-01,2002-12-31,no climate row for this key,7
-15.4730 35.4502 B1000,2002,Maize-Natural Fallow,NA,NA,no planting date,10
-15.9100 35.6500 B550,2007.2011,Maize,NA,NA,no planting date,3
-16.0600 35.1400 B550,2007.2011,Maize,NA,NA,no planting date,2
-16.2410 27.4420 B1000,2005,Maize,NA,NA,no planting date,2
-16.2410 27.4420 B1000,2006,Cotton-Maize,2005-12-01,2005-12-01,no climate row for this key,2
-16.2410 27.4420 B1000,2007,Cotton-Maize,NA,NA,no planting date,5
-16.2410 27.4420 B1000,2008,Cotton-Maize,2007-11-20,2007-11-20,no climate row for this key,1
-16.2410 27.4420 B1000,2009,Cotton-Maize,NA,NA,no planting date,5
-16.2410 27.4420 B1000,2010,Cotton-Maize,2009-11-19,2009-11-19,no climate row for this key,1
-17.5830 30.9670 B500,2004,Maize,NA,NA,no planting date,10
-17.5830 30.9670 B500,2004,Maize-Pigeon Pea,NA,NA,no planting date,4
-17.5830 30.9670 B500,2006,Maize-Pigeon Pea,2005-11-24,2005-11-24,no climate row for this key,2
-17.5830 30.9670 B500,2007,Maize-Velvet Bean,2006-11-27,2006-11-27,no climate row for this key,2
-17.5830 30.9670 B500,2007,Sunn Hemp,2006-11-27,2006-11-27,no climate row for this key,3
-17.5830 30.9670 B500,2008,Maize-Pigeon Pea,NA,NA,no planting date,4
-17.5830 30.9670 B500,2008,Maize-Velvet Bean,2007-11-29,2007-11-29,no climate row for this key,2
-17.5830 30.9670 B500,2008,Sunn Hemp,2007-11-29,2007-11-29,no climate row for this key,2
-17.5830 30.9670 B500,2009,Maize-Velvet Bean,2008-11-17,2008-11-17,no climate row for this key,2
-17.5830 30.9670 B500,2009,Sunn Hemp,2008-11-17,2008-11-17,no climate row for this key,2
-17.5830 30.9670 B500,2010,Maize-Velvet Bean,2009-11-23,2009-11-23,no climate row for this key,2
-17.5830 30.9670 B500,2010,Sunn Hemp,2009-11-23,2009-11-23,no climate row for this key,2
-17.5830 30.9670 B500,2011,Maize-Sunn Hemp,2010-11-29,2010-11-29,no climate row for this key,7
-17.5830 30.9670 B500,2011,Maize-Velvet Bean,2010-11-29,2010-11-29,no climate row for this key,3
-17.5830 30.9670 B500,2011,Sunn Hemp,2010-11-29,2010-11-29,no climate row for this key,2
-17.5830 30.9670 B500,2012,Maize-Velvet Bean,2011-11-04,2011-11-04,no climate row for this key,2
-17.5830 30.9670 B500,2012,Sunn Hemp,2011-11-04,2011-11-04,no climate row for this key,2
-17.5833 31.1667 B2000,1994..1995..1996..1997..1998..1999..2000..2001..2003..2004..2005..2006,Maize,NA,NA,aggregated M.Year,36
-17.5833 31.1667 B2000,1995..1996..1997,Groundnut-Maize,NA,NA,aggregated M.Year,4
-17.5833 31.1667 B2000,1995..1996..1997,Maize,NA,NA,aggregated M.Year,4
-17.6070 31.1410 B500,1994,Groundnut,1993-11-22,1993-12-10,no climate row for this key,1
-17.6070 31.1410 B500,1994.2006,Bambara Nut,NA,NA,no planting date,1
-17.6070 31.1410 B500,1994.2006,Bambara Nut-Maize,NA,NA,no planting date,8
-17.6070 31.1410 B500,1994.2006,Common Bean,NA,NA,no planting date,1
-17.6070 31.1410 B500,1994.2006,Common Bean-Maize,NA,NA,no planting date,8
-17.6070 31.1410 B500,1994.2006,Cowpea,NA,NA,no planting date,1
-17.6070 31.1410 B500,1994.2006,Cowpea-Maize,NA,NA,no planting date,8
-17.6070 31.1410 B500,1994.2006,Groundnut,NA,NA,no planting date,1
-17.6070 31.1410 B500,1994.2006,Groundnut-Maize,NA,NA,no planting date,8
-17.6070 31.1410 B500,1994.2006,Maize,NA,NA,no planting date,23
-17.6070 31.1410 B500,1994.2006,Maize-Pigeon Pea,NA,NA,no planting date,8
-17.6070 31.1410 B500,1994.2006,Pigeon Pea,NA,NA,no planting date,1
-17.6070 31.1410 B500,1995,Groundnut,1994-11-22,1994-12-10,no climate row for this key,1
-17.6070 31.1410 B500,1996,Groundnut,1995-11-22,1995-12-10,no climate row for this key,1
-17.6070 31.1410 B500,1997,Groundnut,1996-11-22,1996-12-10,no climate row for this key,1
-17.6070 31.1410 B500,1998,Groundnut,1997-11-22,1997-12-10,no climate row for this key,1
-17.6070 31.1410 B500,1999,Groundnut,1998-11-22,1998-12-10,no climate row for this key,1
-17.6070 31.1410 B500,2000,Groundnut,1999-11-22,1999-12-10,no climate row for this key,1
-17.6070 31.1410 B500,2001,Groundnut,2000-11-22,2000-12-10,no climate row for this key,1
-17.6070 31.1410 B500,2003,Groundnut,2002-11-22,2002-12-10,no climate row for this key,1
-17.6070 31.1410 B500,2004,Groundnut,2003-11-22,2003-12-10,no climate row for this key,1
-17.6070 31.1410 B500,2005,Groundnut,2004-11-22,2004-12-10,no climate row for this key,1
-17.6070 31.1410 B500,2006,Groundnut,2005-11-22,2005-12-10,no climate row for this key,1
-17.6070 31.1410 B500,2015..2016,Maize,NA,NA,aggregated M.Year,25
-17.6520 31.7980 B5000,2009,Maize,2009-09-01,2009-11-30,no climate row for this key,12
-17.7031 31.1078 B400,1998,Maize,1997-12-01,1997-12-31,no climate row for this key,12
-17.7031 31.1078 B400,2003,Maize,2002-12-01,2002-12-31,no climate row for this key,8
-17.8167 31.5500 B917,2008,Maize,NA,NA,no planting date,6
-17.8500 31.5667 B917,2008,Maize,NA,NA,no planting date,4
-18.1080 33.1930 B100,2008,Maize,NA,NA,no planting date,2
-18.1667 31.1667 B917,2020,Maize,NA,NA,no planting date,11
-18.1667 31.1667 B917,2021,Maize,NA,NA,no planting date,12
-18.1727 31.4645 B300,1984,Maize,NA,NA,no planting date,4
-18.1727 31.4645 B300,1985,Maize,NA,NA,no planting date,4
-18.1727 31.4645 B300,1986,Maize,NA,NA,no planting date,4
-18.1727 31.4645 B300,1987,Maize,NA,NA,no planting date,4
-18.1727 31.4645 B300,1989,Maize,NA,NA,no planting date,4
-18.1727 31.4645 B300,2011,Maize,NA,NA,no planting date,10
-18.3650 33.2090 B500,2009,Maize,NA,NA,no planting date,2
-18.4032 31.2227 B5000,1984,Maize,NA,NA,no planting date,6
-18.4032 31.2227 B5000,1985,Maize,NA,NA,no planting date,6
-18.4032 31.2227 B5000,1986,Maize,NA,NA,no planting date,6
-18.4032 31.2227 B5000,1987,Maize,NA,NA,no planting date,6
-18.4032 31.2227 B5000,1988,Maize,NA,NA,no planting date,6
-18.4032 31.2227 B5000,1989,Maize,NA,NA,no planting date,6
-19.0010 33.7200 B1000,2010,Maize,NA,NA,no planting date,2
-19.3500 34.3450 B100,2010,Maize,NA,NA,no planting date,2
-19.5833 31.2333 B500,2002,Maize,2001-10-01,2001-10-31,no climate row for this key,3
-19.5833 31.2333 B500,2002,Maize-Natural Fallow,2001-10-01,2001-10-31,no climate row for this key,21
-19.5833 31.2333 B500,2002,Maize-Natural Fallow,NA,NA,no planting date,9
-19.5833 31.2333 B500,2003,Maize,NA,NA,no planting date,8
-19.7794 47.1107 B1000,2003,Maize-Soybean,NA,NA,no planting date,2
-19.7833 47.1000 B1000,2003,Maize-Soybean,NA,NA,no planting date,7
-19.8500 30.8800 B550,2005,Maize,2004-11-21,2004-12-11,no climate row for this key,4
-19.8500 30.8800 B550,2008,Maize,2007-11-21,2007-12-11,no climate row for this key,4
-2.5000 29.5833 B917,1974,Wheat,NA,NA,no planting date,4
-2.5000 29.5833 B917,1974.2,Potato,NA,NA,no planting date,4
-2.5000 29.5833 B917,1975.1,Maize,NA,NA,no planting date,13
-2.5000 29.5833 B917,1975.1,Peas,NA,NA,no planting date,9
-2.5000 29.5833 B917,1975.2,Common Bean,NA,NA,no planting date,22
-2.5000 29.5833 B917,1976.1,Potato,NA,NA,no planting date,22
-2.5000 29.5833 B917,1976.2,Finger Millet,NA,NA,no planting date,18
-2.5000 29.5833 B917,1977,Soybean,NA,NA,no planting date,22
-2.5000 29.5833 B917,1978.1,Potato,NA,NA,no planting date,18
-2.5000 29.5833 B917,1978.2,Potato,NA,NA,no planting date,14
-2.5000 29.5833 B917,1978.2,Sweet Potato,NA,NA,no planting date,22
-2.5000 29.5833 B917,1979,Sunflower,NA,NA,no planting date,18
-2.5000 29.5833 B917,1980,Wheat,NA,NA,no planting date,18
-20.3880 32.3738 B400,2000-W,Cotton-Wheat,NA,NA,no planting date,15
-20.3880 32.3738 B400,2000-W,Wheat,2000-05-01,2000-05-31,no climate row for this key,1
-20.3880 32.3738 B400,2001-S,Cotton,2001-10-01,2001-10-30,no climate row for this key,1
-20.3880 32.3738 B400,2001-W,Wheat,2001-05-01,2001-05-31,no climate row for this key,1
-20.3880 32.3738 B400,2002-S,Cotton,2002-10-01,2002-10-30,no climate row for this key,1
-20.3880 32.3738 B400,2002-W,Wheat,2002-05-01,2002-05-31,no climate row for this key,1
-20.3880 32.3738 B400,2003-S,Cotton,2003-10-01,2003-10-30,no climate row for this key,1
-20.3880 32.3738 B400,2003-W,Wheat,2003-05-01,2003-05-31,no climate row for this key,1
-20.3880 32.3738 B400,2004-S,Cotton,2004-10-01,2004-10-30,no climate row for this key,1
-20.3880 32.3738 B400,2004-W,Wheat,2004-05-01,2004-05-31,no climate row for this key,1
-20.3880 32.3738 B400,2005-S,Cotton,2005-10-01,2005-10-30,no climate row for this key,1
-20.3880 32.3738 B400,2005-W,Cotton-Wheat,NA,NA,no planting date,17
-20.3880 32.3738 B400,2005-W,Wheat,2005-05-01,2005-05-31,no climate row for this key,1
-20.3880 32.3738 B400,2006-S,Cotton,NA,NA,no planting date,1
-20.3889 28.5152 B750,1975.1976,Cattle,NA,NA,no planting date,4
-20.3889 28.5152 B750,1976.1977,Cattle,NA,NA,no planting date,4
-20.3889 28.5152 B750,1977.1978,Cattle,NA,NA,no planting date,4
-20.3889 28.5152 B750,1978.1979,Cattle,NA,NA,no planting date,4
-20.3889 28.5152 B750,1979.1980,Cattle,NA,NA,no planting date,4
-20.3889 28.5152 B750,1980.1981,Cattle,NA,NA,no planting date,4
-20.3889 28.5152 B750,1990,Cattle,NA,NA,no planting date,1
-20.3889 28.5152 B750,1991,Cattle,NA,NA,no planting date,1
-20.3889 28.5152 B750,1992,Cattle,NA,NA,no planting date,1
-20.3889 28.5152 B750,1993,Cattle,NA,NA,no planting date,1
-20.3889 28.5152 B750,1994,Cattle,NA,NA,no planting date,1
-20.3889 28.5152 B750,1995,Cattle,NA,NA,no planting date,1
-20.3889 28.5152 B750,1996,Cattle,NA,NA,no planting date,1
-20.3889 28.5152 B750,1997,Cattle,NA,NA,no planting date,1
-20.3889 28.5152 B750,1998,Cattle,NA,NA,no planting date,1
-20.3889 28.5152 B750,1999,Cattle,NA,NA,no planting date,1
-20.3889 28.5152 B750,2000,Cattle,NA,NA,no planting date,1
-20.3889 28.5152 B750,2001,Cattle,NA,NA,no planting date,1
-20.6597 28.2597 B500,2013,Cowpea,NA,NA,no planting date,6
-20.6597 28.2597 B500,2013,Cowpea-Maize,NA,NA,no planting date,8
-20.6597 28.2597 B500,2013,Maize,NA,NA,no planting date,2
-20.6597 28.2597 B500,2014,Cowpea,NA,NA,no planting date,21
-20.6597 28.2597 B500,2014,Cowpea-Maize,NA,NA,no planting date,8
-20.6597 28.2597 B500,2014,Maize,NA,NA,no planting date,10
-20.6597 28.2597 B500,2015,Cowpea,NA,NA,no planting date,30
-20.6597 28.2597 B500,2015,Cowpea-Maize,NA,NA,no planting date,8
-20.6597 28.2597 B500,2015,Maize,NA,NA,no planting date,10
-25.6153 28.3156 B500,2008,Cowpea-Maize,NA,NA,no planting date,12
-25.6153 28.3156 B500,2008,Jointvetche-Maize,NA,NA,no planting date,2
-25.6153 28.3156 B500,2008,Maize,NA,NA,no planting date,2
-25.6153 28.3156 B500,2009,Cowpea-Maize,NA,NA,no planting date,6
-25.6153 28.3156 B500,2009,Jointvetche-Maize,NA,NA,no planting date,8
-25.6153 28.3156 B500,2009,Maize,NA,NA,no planting date,2
-25.6153 28.3156 B500,2009,Maize-Oats,NA,NA,no planting date,6
-25.6153 28.3156 B500,2010,Cowpea-Maize,NA,NA,no planting date,12
-25.6153 28.3156 B500,2010,Jointvetche-Maize,NA,NA,no planting date,8
-25.6153 28.3156 B500,2010,Maize,NA,NA,no planting date,2
-25.6153 28.3156 B500,2010,Maize-Oats,NA,NA,no planting date,6
-25.6153 28.3156 B500,2010,Maize-Oats-Soybean,NA,NA,no planting date,2
-25.6153 28.3156 B500,2010,Maize-Soybean,NA,NA,no planting date,4
-25.6153 28.3156 B500,2011,Cowpea-Maize,NA,NA,no planting date,6
-25.6153 28.3156 B500,2011,Jointvetche-Maize,NA,NA,no planting date,8
-25.6153 28.3156 B500,2011,Maize,NA,NA,no planting date,2
-25.6153 28.3156 B500,2011,Maize-Oats,NA,NA,no planting date,6
-25.6153 28.3156 B500,2012,Cowpea-Maize,NA,NA,no planting date,11
-25.6153 28.3156 B500,2012,Jointvetche-Maize,NA,NA,no planting date,9
-25.6153 28.3156 B500,2012,Maize,NA,NA,no planting date,1
-25.6153 28.3156 B500,2012,Maize-Oats,NA,NA,no planting date,7
-25.6153 28.3156 B500,2012,Maize-Oats-Soybean,NA,NA,no planting date,3
-25.6153 28.3156 B500,2012,Maize-Soybean,NA,NA,no planting date,4
-25.6153 28.3156 B500,2013,Cowpea-Maize,NA,NA,no planting date,4
-25.6153 28.3156 B500,2013,Jointvetche-Maize,NA,NA,no planting date,9
-25.6153 28.3156 B500,2013,Maize,NA,NA,no planting date,1
-25.6153 28.3156 B500,2013,Maize-Oats,NA,NA,no planting date,7
-26.4506 31.0413 B5000,2000,Patula Pine,NA,NA,no planting date,9
-26.4949 26.6020 B500,2009.1.2009.2,Maize,NA,NA,no planting date,1
-26.4949 26.6020 B500,2010.1.2010.2,Maize,NA,NA,no planting date,1
-26.4949 26.6020 B500,2011.1.2011.2,Maize,NA,NA,no planting date,1
-26.4949 26.6020 B500,2012,Maize,NA,NA,no planting date,9
-26.4949 26.6020 B500,2012.1.2012.2,Maize,NA,NA,no planting date,1
-26.4949 26.6020 B500,2013,Maize,NA,NA,no planting date,9
-26.4949 26.6020 B500,2013.1.2013.2,Maize,NA,NA,no planting date,1
-26.4949 26.6020 B500,2014,Maize,NA,NA,no planting date,9
-26.4949 26.6020 B500,2014.1.2014.2,Maize,NA,NA,no planting date,3
-26.4949 26.6020 B500,2015.1.2015.2,Maize,NA,NA,no planting date,1
-26.4949 26.6020 B500,2016.1.2016.2,Maize,NA,NA,no planting date,1
-28.1619 28.3061 B200,1979.1999,Wheat,NA,NA,no planting date,2
-28.1619 28.3061 B200,2011,Wheat,NA,NA,no planting date,12
-28.1619 28.3061 B200,2016,Wheat,2016-05-01,2016-05-31,no climate row for this key,8
-28.1619 28.3061 B500,1979,Wheat,1979-07-01,1979-08-30,no climate row for this key,4
-28.1619 28.3061 B500,1981,Wheat,1981-07-01,1981-08-30,no climate row for this key,4
-28.1619 28.3061 B500,1982,Wheat,1982-07-01,1982-08-30,no climate row for this key,4
-28.1619 28.3061 B500,1983,Wheat,1983-07-01,1983-08-30,no climate row for this key,4
-28.1619 28.3061 B500,1984,Wheat,1984-07-01,1984-08-30,no climate row for this key,4
-28.1619 28.3061 B500,1985,Wheat,1985-07-01,1985-08-30,no climate row for this key,4
-28.1619 28.3061 B500,1986,Wheat,1986-07-01,1986-08-30,no climate row for this key,4
-28.1619 28.3061 B500,1990..1991..1992..1993..1994..1995..1996..1997..1998..1999,Wheat,NA,NA,aggregated M.Year,1
-28.1619 28.3061 B500,1990..1999..2010,Oats-Wheat,NA,NA,aggregated M.Year,12
-28.1619 28.3061 B500,2001..2002..2003..2004..2005..2006..2007..2008..2009..2010,Wheat,NA,NA,aggregated M.Year,1
-28.6797 29.0710 B1500,2004,Lablab-Maize,2003-11-21,2003-11-30,no climate row for this key,1
-28.6797 29.0710 B1500,2006,Lablab,NA,NA,no planting date,1
-28.6797 29.0710 B1500,2007,Lablab,NA,NA,no planting date,1
-28.6797 29.0710 B1500,2008,Lablab,NA,NA,no planting date,1
-28.6797 29.0710 B1500,2009,Cocksfoot,NA,NA,no planting date,6
-28.6797 29.0710 B1500,2009,Cocksfoot-Leucaena leucocephala,NA,NA,no planting date,6
-28.6797 29.0710 B1500,2009,Leucaena leucocephala-Tall Fescue,NA,NA,no planting date,6
-28.6797 29.0710 B1500,2009,Tall Fescue,NA,NA,no planting date,6
-28.7167 31.8833 B1000,2010,Sugar Cane,NA,NA,no planting date,140
-28.7167 31.8833 B1000,2010.2012,Sugar Cane,NA,NA,no planting date,8
-28.7167 31.8833 B1000,2011,Sugar Cane,NA,NA,no planting date,118
-28.7167 31.8833 B1000,2012,Sugar Cane,NA,NA,no planting date,8
-28.7167 31.8833 B1000,2014,Sugar Cane,NA,NA,no planting date,16
-28.9237 29.5611 B150,2020,Maize,2019-10-01,2019-10-31,no climate row for this key,9
-28.9241 29.5607 B100,2015,Maize,2015-09-01,2015-11-30,no climate row for this key,16
-28.9242 29.5608 B100,2019,Maize,2018-09-01,2018-11-30,no climate row for this key,48
-28.9242 29.5608 B100,2020,Maize,2019-09-01,2019-11-30,no climate row for this key,36
-29.7035 31.0485 B500,1939.2012,Sugar Cane,NA,NA,no planting date,36
-29.7035 31.0485 B500,1978..1979..1980..1981..1982..1983..1984..1985..1986..1987..1988..1989..1990,Sugar Cane,NA,NA,aggregated M.Year,5
-29.7035 31.0485 B500,1998,Sugar Cane,NA,NA,no planting date,16
-29.7035 31.0485 B500,1999,Sugar Cane,NA,NA,no planting date,3
-3.3998 38.3637 B7500,1987.1..1988.1..1989.1..1990.1..1991.1..1992.1..1993.1..1994.1,Potato,NA,NA,aggregated M.Year,2
-3.8333 39.7500 B5000,1983.1,Maize,1983-02-15,1983-03-31,no climate row for this key,3
-3.8333 39.7500 B5000,1983.2,Mung Bean,1983-09-15,1983-10-30,no climate row for this key,3
-3.8333 39.7500 B5000,1985.2,Mung Bean,1985-09-15,1985-10-30,no climate row for this key,3
-30.8500 29.6167 B917,1999,Maize,NA,NA,no planting date,1
-30.8500 29.6167 B917,1999.2004,Maize,NA,NA,no planting date,2
-30.8500 29.6167 B917,2000,Maize,NA,NA,no planting date,1
-30.8500 29.6167 B917,2001,Maize,NA,NA,no planting date,1
-30.8500 29.6167 B917,2002,Maize,NA,NA,no planting date,1
-30.8500 29.6167 B917,2003,Maize,NA,NA,no planting date,1
-31.4766 25.0259 B800,1934.2012,,NA,NA,no planting date,27
-31.5861 18.3752 B1000,1994,Grape,NA,NA,no planting date,7
-31.5861 18.3752 B1000,1995,Grape,NA,NA,no planting date,14
-31.5861 18.3752 B1000,1996,Grape,NA,NA,no planting date,14
-31.5861 18.3752 B1000,1998,Black oats-Grape,NA,NA,no planting date,2
-31.5861 18.3752 B1000,1998,Grape,NA,NA,no planting date,22
-31.5861 18.3752 B1000,1998,Grape-Oats,NA,NA,no planting date,2
-31.5861 18.3752 B1000,1998,Grape-Rye,NA,NA,no planting date,2
-31.5861 18.3752 B1000,2003,Black oats-Grape,NA,NA,no planting date,2
-31.5861 18.3752 B1000,2003,Grape,NA,NA,no planting date,22
-31.5861 18.3752 B1000,2003,Grape-Oats,NA,NA,no planting date,2
-31.5861 18.3752 B1000,2003,Grape-Rye,NA,NA,no planting date,2
-33.2770 18.7040 B1000,2002.2010,Wheat,NA,NA,no planting date,75
-33.2770 18.7040 B1000,2008,Canola-Lupin-Wheat,2008-03-01,2008-05-31,no climate row for this key,60
-33.2770 18.7040 B1000,2008,Wheat,2008-03-01,2008-05-31,no climate row for this key,18
-33.2770 18.7040 B1000,2008.2010,Wheat,NA,NA,no planting date,38
-33.9147 18.8613 B1000,1994,Grape,NA,NA,no planting date,8
-33.9147 18.8613 B1000,1995,Grape,NA,NA,no planting date,16
-33.9147 18.8613 B1000,1996,Grape,NA,NA,no planting date,16
-33.9147 18.8613 B1000,1998,Black oats-Grape,NA,NA,no planting date,1
-33.9147 18.8613 B1000,1998,Fava Bean-Grape,NA,NA,no planting date,1
-33.9147 18.8613 B1000,1998,Grape,NA,NA,no planting date,3
-33.9147 18.8613 B1000,1998,Grape-Oats,NA,NA,no planting date,1
-33.9147 18.8613 B1000,1998,Grape-Rye,NA,NA,no planting date,1
-33.9147 18.8613 B1000,1998,Grape-Winter Vetch,NA,NA,no planting date,1
-33.9147 18.8613 B1000,1999,Grape,NA,NA,no planting date,16
-33.9147 18.8613 B1000,2001,Grape,NA,NA,no planting date,16
-33.9147 18.8613 B1000,2003,Black oats-Grape,NA,NA,no planting date,2
-33.9147 18.8613 B1000,2003,Fava Bean-Grape,NA,NA,no planting date,2
-33.9147 18.8613 B1000,2003,Grape,NA,NA,no planting date,22
-33.9147 18.8613 B1000,2003,Grape-Oats,NA,NA,no planting date,2
-33.9147 18.8613 B1000,2003,Grape-Rye,NA,NA,no planting date,2
-33.9147 18.8613 B1000,2003,Grape-Winter Vetch,NA,NA,no planting date,2
-33.9147 18.8613 B500,1994,Fava Bean-Grape-Rye,NA,NA,no planting date,3
-33.9147 18.8613 B500,1994,Grape,NA,NA,no planting date,3
-33.9147 18.8613 B500,1994,Grape-Hairy Vetch,NA,NA,no planting date,3
-33.9147 18.8613 B500,1994,Grape-Triticale,NA,NA,no planting date,3
-33.9147 18.8613 B500,1995,Grape,NA,NA,no planting date,8
-33.9147 18.8613 B500,1996,Fava Bean-Grape-Rye,NA,NA,no planting date,3
-33.9147 18.8613 B500,1996,Grape,NA,NA,no planting date,11
-33.9147 18.8613 B500,1996,Grape-Hairy Vetch,NA,NA,no planting date,3
-33.9147 18.8613 B500,1996,Grape-Triticale,NA,NA,no planting date,3
-33.9147 18.8613 B500,1997,Grape,NA,NA,no planting date,8
-33.9147 18.8613 B500,1998,Grape,NA,NA,no planting date,8
-33.9147 18.8613 B500,1999,Grape,NA,NA,no planting date,8
-33.9147 18.8613 B500,2000,Grape,NA,NA,no planting date,8
-33.9147 18.8613 B500,2001,Grape,NA,NA,no planting date,8
-33.9147 18.8613 B500,2002,Grape,NA,NA,no planting date,8
-33.9147 18.8613 B500,2003,Fava Bean-Grape-Rye,NA,NA,no planting date,3
-33.9147 18.8613 B500,2003,Grape,NA,NA,no planting date,3
-33.9147 18.8613 B500,2003,Grape-Hairy Vetch,NA,NA,no planting date,3
-33.9147 18.8613 B500,2003,Grape-Triticale,NA,NA,no planting date,3
-5.1811 38.7678 B20000,2003.1..2003.2,Cardamom,NA,NA,aggregated M.Year,2
-5.1811 38.7678 B20000,2004.1..2004.2,Cardamom,NA,NA,aggregated M.Year,2
-5.1811 38.7678 B20000,2005.1..2005.2,Cardamom,NA,NA,aggregated M.Year,2
-5.1811 38.7678 B20000,2005.1..2005.2,Pepper,NA,NA,aggregated M.Year,4
-5.1811 38.7678 B20000,2006.1..2006.2,Cardamom,NA,NA,aggregated M.Year,2
-5.1811 38.7678 B20000,2006.1..2006.2,Pepper,NA,NA,aggregated M.Year,4
-5.1811 38.7678 B20000,2006.2,Cardamom,NA,NA,no planting date,4
-5.1811 38.7678 B20000,2006.2,Cardamom-Natural Fallow,NA,NA,no planting date,6
-5.1811 38.7678 B20000,2006.2,Cardamom-Natural Fallow-Pepper,NA,NA,no planting date,8
-5.1811 38.7678 B20000,2006.2,Natural Fallow,NA,NA,no planting date,16
-5.1811 38.7678 B20000,2006.2,Natural Fallow-Pepper,NA,NA,no planting date,12
-5.1811 38.7678 B20000,2006.2,Pepper,NA,NA,no planting date,16
-6.1667 36.4333 B175,2007,Sorghum,NA,NA,no planting date,8
-6.8333 37.6333 B917,1980,Common Bean,1980-03-01,1980-03-31,no climate row for this key,3
-6.8333 37.6333 B917,1980,Maize,1980-03-01,1980-03-31,no climate row for this key,3
-6.8333 37.6333 B917,1981,Common Bean,1981-03-01,1981-03-31,no climate row for this key,3
-6.8333 37.6333 B917,1981,Maize,1981-03-01,1981-03-31,no climate row for this key,3
-6.8333 37.6333 B917,1982,Common Bean,1982-03-01,1982-03-31,no climate row for this key,3
-6.8333 37.6333 B917,1982,Maize,1982-03-01,1982-03-31,no climate row for this key,3
-6.8333 37.6333 B917,1983,Common Bean,1983-03-01,1983-03-31,no climate row for this key,3
-6.8333 37.6333 B917,1983,Maize,1983-03-01,1983-03-31,no climate row for this key,3
-6.8333 37.6333 B917,1985,Common Bean,1985-03-01,1985-03-31,no climate row for this key,3
-6.8333 37.6333 B917,1985,Maize,1985-03-01,1985-03-31,no climate row for this key,3
-6.8333 37.6333 B917,1986,Faidherbia albida,NA,NA,no planting date,18
-8.5410 35.1690 B750,1986.1..1986.2,Tea,NA,NA,aggregated M.Year,164
-8.5410 35.1690 B750,1987.1,Tea,NA,NA,no planting date,25
-8.5410 35.1690 B750,1987.1..1987.2,Tea,NA,NA,aggregated M.Year,164
-8.5410 35.1690 B750,1987.2,Tea,NA,NA,no planting date,31
-8.5410 35.1690 B750,1988.1,Tea,NA,NA,no planting date,44
-8.5410 35.1690 B750,1988.1..1988.2,Tea,NA,NA,aggregated M.Year,164
-8.5410 35.1690 B750,1988.2,Tea,NA,NA,no planting date,68
-8.5410 35.1690 B750,1989.1,Tea,NA,NA,no planting date,56
-8.5410 35.1690 B750,1989.2,Tea,NA,NA,no planting date,68
-9.1808 33.5475 B250,2005,Biogas,NA,NA,no planting date,8
00.0054 34.6631 B10000,1987.1..1988.1..1989.1..1990.1..1991.1..1992.1..1993.1..1994.1,Potato,NA,NA,aggregated M.Year,2
00.0309 34.3011 B3500,2013.2,Common Bean-Maize,NA,NA,no planting date,4
00.0498 35.7126 B8500,1987.1..1988.1..1989.1..1990.1..1991.1..1992.1..1993.1..1994.1,Potato,NA,NA,aggregated M.Year,2
00.0653 34.6959 B30000,2001.1,Common Bean-Maize,2001-03-01,2001-04-30,no climate row for this key,4
00.0653 34.6959 B30000,2001.1,Maize,2001-03-01,2001-04-30,no climate row for this key,1
00.0653 34.6959 B30000,2002.1,Common Bean-Maize,2002-03-01,2002-04-30,no climate row for this key,4
00.0653 34.6959 B30000,2002.1,Maize,2002-03-01,2002-04-30,no climate row for this key,1
00.0653 34.6959 B30000,2003.1,Common Bean-Maize,2003-03-01,2003-04-30,no climate row for this key,4
00.0653 34.6959 B30000,2003.1,Maize,2003-03-01,2003-04-30,no climate row for this key,1
00.0653 34.6959 B30000,2004.1,Common Bean-Maize,NA,NA,no planting date,4
00.0653 34.6959 B30000,2004.1,Maize,NA,NA,no planting date,1
00.0733 36.3162 B15000,1987.1..1988.1..1989.1..1990.1..1991.1..1992.1..1993.1..1994.1,Potato,NA,NA,aggregated M.Year,2
00.1258 34.4044 B1000,2005.1.2009.2,Maize-Soybean,NA,NA,no planting date,12
00.1258 34.4044 B1000,2006.1.2012.2,Maize-Soybean,NA,NA,no planting date,18
00.1296 34.4055 B200,2003 LR..2003 SR..2004 LR..2004 SR..2005 LR..2005 SR..2006 LR..2006 SR..2007 LR,Common Bean,NA,NA,aggregated M.Year,32
00.1296 34.4055 B200,2003 LR..2003 SR..2004 LR..2004 SR..2005 LR..2005 SR..2006 LR..2006 SR..2007 LR,Common Bean-Maize,NA,NA,aggregated M.Year,18
00.1296 34.4055 B200,2003 LR..2003 SR..2004 LR..2004 SR..2005 LR..2005 SR..2006 LR..2006 SR..2007 LR,Maize,NA,NA,aggregated M.Year,72
00.1296 34.4055 B200,2012.2,Maize,2012-10-01,2012-10-31,no climate row for this key,8
00.1296 34.4055 B200,2016 LR,Common Bean-Maize,2016-03-01,2016-03-31,no climate row for this key,12
00.1296 34.4055 B200,2016 LR,Common Bean-Maize,NA,NA,no planting date,10
00.1308 34.4031 B200,LR2007,Maize,NA,NA,no planting date,2
00.1308 34.4031 B200,LR2008,Maize,NA,NA,no planting date,2
00.1308 34.4031 B200,LR2009,Maize,NA,NA,no planting date,2
00.1308 34.4031 B200,LR2010,Maize,NA,NA,no planting date,2
00.1308 34.4031 B200,LR2011,Maize,NA,NA,no planting date,2
00.1308 34.4031 B200,LR2012,Maize,NA,NA,no planting date,2
00.1308 34.4031 B200,LR2014,Maize,NA,NA,no planting date,2
00.1308 34.4031 B200,LR2015,Maize,NA,NA,no planting date,2
00.1308 34.4031 B200,LR2016,Maize,NA,NA,no planting date,2
00.1308 34.4031 B200,SR2006,Maize,NA,NA,no planting date,2
00.1308 34.4031 B200,SR2007,Soybean,NA,NA,no planting date,2
00.1308 34.4031 B200,SR2008,Soybean,NA,NA,no planting date,2
00.1308 34.4031 B200,SR2009,Soybean,NA,NA,no planting date,2
00.1308 34.4031 B200,SR2010,Soybean,NA,NA,no planting date,2
00.1308 34.4031 B200,SR2011,Soybean,NA,NA,no planting date,2
00.1308 34.4031 B200,SR2013,Soybean,NA,NA,no planting date,2
00.1308 34.4031 B200,SR2014,Soybean,NA,NA,no planting date,2
00.1308 34.4031 B200,SR2015,Soybean,NA,NA,no planting date,2
00.1336 34.4050 B200,LR2007,Maize,NA,NA,no planting date,2
00.1336 34.4050 B200,LR2008,Maize,NA,NA,no planting date,2
00.1336 34.4050 B200,LR2009,Maize,NA,NA,no planting date,2
00.1336 34.4050 B200,LR2010,Maize,NA,NA,no planting date,2
00.1336 34.4050 B200,LR2011,Maize,NA,NA,no planting date,2
00.1336 34.4050 B200,LR2012,Maize,NA,NA,no planting date,2
00.1336 34.4050 B200,LR2014,Maize,NA,NA,no planting date,2
00.1336 34.4050 B200,LR2015,Maize,NA,NA,no planting date,2
00.1336 34.4050 B200,LR2016,Maize,NA,NA,no planting date,2
00.1336 34.4050 B200,SR2006,Maize,NA,NA,no planting date,2
00.1336 34.4050 B200,SR2007,Soybean,NA,NA,no planting date,2
00.1336 34.4050 B200,SR2008,Soybean,NA,NA,no planting date,2
00.1336 34.4050 B200,SR2009,Soybean,NA,NA,no planting date,2
00.1336 34.4050 B200,SR2010,Soybean,NA,NA,no planting date,2
00.1336 34.4050 B200,SR2011,Soybean,NA,NA,no planting date,2
00.1336 34.4050 B200,SR2013,Soybean,NA,NA,no planting date,2
00.1336 34.4050 B200,SR2014,Soybean,NA,NA,no planting date,2
00.1336 34.4050 B200,SR2015,Soybean,NA,NA,no planting date,2
00.1365 34.9587 B9500,1987.1..1988.1..1989.1..1990.1..1991.1..1992.1..1993.1..1994.1,Potato,NA,NA,aggregated M.Year,2
00.1430 34.4220 B1000,2003 SR..2003 LR,Maize,NA,NA,aggregated M.Year,50
00.1430 34.4220 B1000,2018 SR..2018 LR,Maize,NA,NA,aggregated M.Year,50
00.2289 34.9064 B10000,2006 LR,Maize,2006-03-01,2006-03-31,no climate row for this key,32
00.2439 35.0862 B8500,1987.1..1988.1..1989.1..1990.1..1991.1..1992.1..1993.1..1994.1,Potato,NA,NA,aggregated M.Year,2
00.2557 34.5255 B500,2016 LR,Common Bean-Maize,NA,NA,no planting date,9
00.3114 36.2619 B15000,1987.1..1988.1..1989.1..1990.1..1991.1..1992.1..1993.1..1994.1,Potato,NA,NA,aggregated M.Year,2
00.4977 35.3235 B25000,1987.1..1988.1..1989.1..1990.1..1991.1..1992.1..1993.1..1994.1,Potato,NA,NA,aggregated M.Year,3
00.5004 34.1500 B30000,2001.1,Common Bean-Maize,2001-03-01,2001-04-30,no climate row for this key,4
00.5004 34.1500 B30000,2002.1,Common Bean-Maize,2002-03-01,2002-04-30,no climate row for this key,4
00.5004 34.1500 B30000,2003.1,Common Bean-Maize,2003-03-01,2003-04-30,no climate row for this key,4
00.5004 34.1500 B30000,2004.1,Common Bean-Maize,NA,NA,no planting date,4
00.5312 32.6118 B500,1993.1..1997.2,Cooking Banana,NA,NA,aggregated M.Year,8
00.5312 32.6118 B500,1996.2,Cooking Banana,NA,NA,no planting date,4
00.5312 32.6118 B500,1997.1,Cooking Banana,NA,NA,no planting date,4
00.5312 32.6118 B500,1997.2,Cooking Banana,NA,NA,no planting date,4
00.5312 32.6118 B500,2003.1,Cooking Banana,NA,NA,no planting date,4
00.5312 32.6118 B500,2004.1,Cooking Banana,NA,NA,no planting date,4
00.5312 32.6118 B500,2005.1,Cooking Banana,NA,NA,no planting date,4
00.5312 32.6118 B500,2006.1,Cooking Banana,NA,NA,no planting date,4
00.5312 32.6118 B500,2007.1,Cooking Banana,NA,NA,no planting date,4
00.5591 34.5437 B33000,2001.1,Common Bean-Maize,2001-03-01,2001-04-30,no climate row for this key,4
00.5591 34.5437 B33000,2002.1,Common Bean-Maize,2002-03-01,2002-04-30,no climate row for this key,4
00.5591 34.5437 B33000,2003.1,Common Bean-Maize,2003-03-01,2003-04-30,no climate row for this key,4
00.5591 34.5437 B33000,2004.1,Common Bean-Maize,NA,NA,no planting date,4
00.5667 34.1833 B1000,2012.2,Maize,2012-10-01,2012-10-31,no climate row for this key,8
00.5667 34.1833 B1000,2013.1,Maize,2013-03-01,2013-03-31,no climate row for this key,8
00.5667 34.1833 B1000,2013.2,Maize,2013-10-01,2013-10-31,no climate row for this key,8
00.5740 34.1910 B500,2003 SR..2003 LR,Maize,NA,NA,aggregated M.Year,250
00.5740 34.1910 B500,2018 SR..2018 LR,Maize,NA,NA,aggregated M.Year,250
00.6030 35.1168 B10500,1987.1..1988.1..1989.1..1990.1..1991.1..1992.1..1993.1..1994.1,Potato,NA,NA,aggregated M.Year,3
00.7484 35.5089 B7500,1987.1..1988.1..1989.1..1990.1..1991.1..1992.1..1993.1..1994.1,Potato,NA,NA,aggregated M.Year,2
00.7527 34.9070 B10000,1987.1..1988.1..1989.1..1990.1..1991.1..1992.1..1993.1..1994.1,Potato,NA,NA,aggregated M.Year,3
00.7776 34.7949 B10500,1987.1..1988.1..1989.1..1990.1..1991.1..1992.1..1993.1..1994.1,Potato,NA,NA,aggregated M.Year,3
00000NA 00000NA BNA,1994,Maize,NA,NA,no coordinates,1
00000NA 00000NA BNA,1995,Maize,NA,NA,no coordinates,6
00000NA 00000NA BNA,1996,Maize,NA,NA,no coordinates,6
00000NA 00000NA BNA,1997,Maize,NA,NA,no coordinates,2
00000NA 00000NA BNA,1998,Maize,NA,NA,no coordinates,5
00000NA 00000NA BNA,1999,Maize,NA,NA,no coordinates,5
00000NA 00000NA BNA,2000,Maize,NA,NA,no coordinates,1
00000NA 00000NA BNA,2000.1,Maize,NA,NA,no coordinates,1
00000NA 00000NA BNA,2000.1,Pearl Millet,NA,NA,no coordinates,1
00000NA 00000NA BNA,2000.1,Sorghum,NA,NA,no coordinates,1
00000NA 00000NA BNA,2001,Maize,NA,NA,no coordinates,5
00000NA 00000NA BNA,2002,Maize,NA,NA,no coordinates,5
00000NA 00000NA BNA,2003,Maize,NA,NA,no coordinates,1
00000NA 00000NA BNA,2004,Maize,NA,NA,no coordinates,1
00000NA 00000NA BNA,2005,Maize,NA,NA,no coordinates,1
00000NA 00000NA BNA,2005.1,Maize,NA,NA,no coordinates,1
00000NA 00000NA BNA,2005.1,Pearl Millet,NA,NA,no coordinates,1
00000NA 00000NA BNA,2005.1,Sorghum,NA,NA,no coordinates,1
00000NA 00000NA BNA,2006.2011,Barley-Wheat,NA,NA,no coordinates,2
00000NA 00000NA BNA,2010.1,Maize,NA,NA,no coordinates,5
00000NA 00000NA BNA,2010.1,Pearl Millet,NA,NA,no coordinates,1
00000NA 00000NA BNA,2010.1,Sorghum,NA,NA,no coordinates,1
00000NA 00000NA BNA,2011,Barley-Wheat,NA,NA,no coordinates,4
00000NA 00000NA BNA,2011.1,Maize,NA,NA,no coordinates,6
00000NA 00000NA BNA,2012.1,Maize,NA,NA,no coordinates,6
00000NA 00000NA BNA,2013,Maize,2012-10-01,2012-10-31,no coordinates,3
00000NA 00000NA BNA,2013.1,Maize,NA,NA,no coordinates,6
00000NA 00000NA BNA,2013.2,Artichokes-Beetroot-Capsicum-Eggplant-Leeks-Radish-Spinach-Swiss Chard-Tomato-Waterleaf,NA,NA,no coordinates,2
00000NA 00000NA BNA,2014,Maize,2013-10-01,2013-10-31,no coordinates,3
00000NA 00000NA BNA,2014.1,Maize,NA,NA,no coordinates,6
00000NA 00000NA BNA,2015.1,Maize,NA,NA,no coordinates,1
00000NA 00000NA BNA,2015.1,Pearl Millet,NA,NA,no coordinates,1
00000NA 00000NA BNA,2015.1,Sorghum,NA,NA,no coordinates,1
00000NA 00000NA BNA,2016,Finger Millet-Maize-Sorghum,NA,NA,no coordinates,6
00000NA 00000NA BNA,2016,Maize,2015-10-01,2015-10-31,no coordinates,3
00000NA 00000NA BNA,2018..2019,Maize,NA,NA,no coordinates,32
01.0459 34.8981 B35000,1999.1,Common Bean-Maize,1999-03-01,1999-04-30,no climate row for this key,4
01.0459 34.8981 B35000,2000.1,Common Bean-Maize,2000-03-01,2000-04-30,no climate row for this key,4
01.0459 34.8981 B35000,2000.1,Maize,2000-03-01,2000-04-30,no climate row for this key,1
01.0459 34.8981 B35000,2001.1,Common Bean-Maize,2001-03-01,2001-04-30,no climate row for this key,4
01.0459 34.8981 B35000,2002.1,Common Bean-Maize,2002-03-01,2002-04-30,no climate row for this key,4
01.0459 34.8981 B35000,2003.1,Common Bean-Maize,2003-03-01,2003-04-30,no climate row for this key,4
01.0459 34.8981 B35000,2004.1,Common Bean-Maize,NA,NA,no planting date,4
01.2456 35.1301 B10000,1987.1..1988.1..1989.1..1990.1..1991.1..1992.1..1993.1..1994.1,Potato,NA,NA,aggregated M.Year,2
03.2500 12.0500 B7000,1999.1..2000.1..2001.1..2002.1..2003.1..2004.1..2005.1,Maize,NA,NA,aggregated M.Year,4
03.4660 11.4870 B1000,1992,Cassava,NA,NA,no planting date,3
03.4660 11.4870 B1000,1993,Cassava,1992-05-05,1992-05-05,no climate row for this key,12
03.4660 11.4870 B1000,1994,Cassava,1993-05-05,1993-05-05,no climate row for this key,3
03.4660 11.4870 B1000,1995,Cassava,1994-04-27,1994-04-27,no climate row for this key,3
04.7190 07.1780 B500,1983..1984..1985..1986..1987..1988,Cassava,NA,NA,aggregated M.Year,4
04.7190 07.1780 B500,1988,Cassava,NA,NA,no planting date,6
05.6450 -0.9819 B3000,1990/91,Robusta,NA,NA,no planting date,6
05.6450 -0.9819 B3000,1991/92,Robusta,NA,NA,no planting date,6
05.6450 -0.9819 B3000,1992/93,Robusta,NA,NA,no planting date,6
05.6450 -0.9819 B3000,1993/94,Robusta,NA,NA,no planting date,6
05.6450 -0.9819 B3000,1994/95,Robusta,NA,NA,no planting date,6
05.6661 -6.7078 B500,1989.2005,Cocoa-Rubber,NA,NA,no planting date,4
05.6661 -6.7078 B500,1989.2005,Coffee-Rubber,NA,NA,no planting date,4
05.6661 -6.7078 B500,1989.2005,Kola Nut-Rubber,NA,NA,no planting date,4
05.6661 -6.7078 B500,1989.2005,Rubber,NA,NA,no planting date,4
05.6661 -6.7078 B500,1998.2005,Rubber,NA,NA,no planting date,8
05.6661 -6.7078 B500,2005,Cocoa-Rubber,NA,NA,no planting date,2
05.6661 -6.7078 B500,2005,Coffee-Rubber,NA,NA,no planting date,2
05.6661 -6.7078 B500,2005,Kola Nut-Rubber,NA,NA,no planting date,2
05.6661 -6.7078 B500,2005,Rubber,NA,NA,no planting date,2
05.6667 -6.7167 B1000,1989,Cocoa-Rubber,1989-04-01,1989-04-30,no climate row for this key,6
05.6667 -6.7167 B1000,1989,Coffee-Rubber,1989-04-01,1989-04-30,no climate row for this key,6
05.6667 -6.7167 B1000,1989,Kola Nut-Rubber,1989-04-01,1989-04-30,no climate row for this key,6
05.6667 -6.7167 B1000,1989,Lemon-Rubber,1989-04-01,1989-04-30,no climate row for this key,6
05.6667 -6.7167 B1000,1989..1990,Cocoa-Rubber,NA,NA,aggregated M.Year,2
05.6667 -6.7167 B1000,1989..1990,Coffee-Rubber,NA,NA,aggregated M.Year,2
05.6667 -6.7167 B1000,1989..1990,Kola Nut-Rubber,NA,NA,aggregated M.Year,2
05.6667 -6.7167 B1000,1989..1990,Lemon-Rubber,NA,NA,aggregated M.Year,2
05.6667 -6.7167 B1000,1989..1990..1991,Cocoa-Rubber,NA,NA,aggregated M.Year,2
05.6667 -6.7167 B1000,1989..1990..1991,Coffee-Rubber,NA,NA,aggregated M.Year,2
05.6667 -6.7167 B1000,1989..1990..1991,Kola Nut-Rubber,NA,NA,aggregated M.Year,2
05.6667 -6.7167 B1000,1989..1990..1991,Lemon-Rubber,NA,NA,aggregated M.Year,2
05.6667 -6.7167 B1000,1989..1990..1991..1992,Cocoa-Rubber,NA,NA,aggregated M.Year,2
05.6667 -6.7167 B1000,1989..1990..1991..1992,Coffee-Rubber,NA,NA,aggregated M.Year,2
05.6667 -6.7167 B1000,1989..1990..1991..1992,Kola Nut-Rubber,NA,NA,aggregated M.Year,2
05.6667 -6.7167 B1000,1989..1990..1991..1992,Lemon-Rubber,NA,NA,aggregated M.Year,2
05.6667 -6.7167 B1000,1989..1990..1991..1992..1993,Cocoa-Rubber,NA,NA,aggregated M.Year,2
05.6667 -6.7167 B1000,1989..1990..1991..1992..1993,Coffee-Rubber,NA,NA,aggregated M.Year,2
05.6667 -6.7167 B1000,1989..1990..1991..1992..1993,Kola Nut-Rubber,NA,NA,aggregated M.Year,2
05.6667 -6.7167 B1000,1989..1990..1991..1992..1993,Lemon-Rubber,NA,NA,aggregated M.Year,2
05.6667 -6.7167 B1000,1989..1990..1991..1992..1993..1994,Cocoa-Rubber,NA,NA,aggregated M.Year,2
05.6667 -6.7167 B1000,1989..1990..1991..1992..1993..1994,Coffee-Rubber,NA,NA,aggregated M.Year,2
05.6667 -6.7167 B1000,1989..1990..1991..1992..1993..1994,Kola Nut-Rubber,NA,NA,aggregated M.Year,2
05.6667 -6.7167 B1000,1989..1990..1991..1992..1993..1994,Lemon-Rubber,NA,NA,aggregated M.Year,2
05.6667 -6.7167 B1000,1989..1990..1991..1992..1993..1994..1995,Cocoa-Rubber,NA,NA,aggregated M.Year,2
05.6667 -6.7167 B1000,1989..1990..1991..1992..1993..1994..1995,Coffee-Rubber,NA,NA,aggregated M.Year,2
05.6667 -6.7167 B1000,1989..1990..1991..1992..1993..1994..1995,Kola Nut-Rubber,NA,NA,aggregated M.Year,2
05.6667 -6.7167 B1000,1989..1990..1991..1992..1993..1994..1995,Lemon-Rubber,NA,NA,aggregated M.Year,2
05.6667 -6.7167 B1000,1989..1990..1991..1992..1993..1994..1995..1996,Cocoa-Rubber,NA,NA,aggregated M.Year,2
05.6667 -6.7167 B1000,1989..1990..1991..1992..1993..1994..1995..1996,Coffee-Rubber,NA,NA,aggregated M.Year,2
05.6667 -6.7167 B1000,1989..1990..1991..1992..1993..1994..1995..1996,Kola Nut-Rubber,NA,NA,aggregated M.Year,2
05.6667 -6.7167 B1000,1989..1990..1991..1992..1993..1994..1995..1996,Lemon-Rubber,NA,NA,aggregated M.Year,2
05.6667 -6.7167 B1000,1989..1990..1991..1992..1993..1994..1995..1996..1997,Cocoa-Rubber,NA,NA,aggregated M.Year,2
05.6667 -6.7167 B1000,1989..1990..1991..1992..1993..1994..1995..1996..1997,Coffee-Rubber,NA,NA,aggregated M.Year,2
05.6667 -6.7167 B1000,1989..1990..1991..1992..1993..1994..1995..1996..1997,Kola Nut-Rubber,NA,NA,aggregated M.Year,2
05.6667 -6.7167 B1000,1989..1990..1991..1992..1993..1994..1995..1996..1997,Lemon-Rubber,NA,NA,aggregated M.Year,2
05.6667 -6.7167 B1000,1989..1990..1991..1992..1993..1994..1995..1996..1997..1998,Cocoa-Rubber,NA,NA,aggregated M.Year,2
05.6667 -6.7167 B1000,1989..1990..1991..1992..1993..1994..1995..1996..1997..1998,Coffee-Rubber,NA,NA,aggregated M.Year,2
05.6667 -6.7167 B1000,1989..1990..1991..1992..1993..1994..1995..1996..1997..1998,Kola Nut-Rubber,NA,NA,aggregated M.Year,2
05.6667 -6.7167 B1000,1989..1990..1991..1992..1993..1994..1995..1996..1997..1998,Lemon-Rubber,NA,NA,aggregated M.Year,2
05.6667 -6.7167 B1000,1989..1990..1991..1992..1993..1994..1995..1996..1997..1998..1999,Cocoa-Rubber,NA,NA,aggregated M.Year,2
05.6667 -6.7167 B1000,1989..1990..1991..1992..1993..1994..1995..1996..1997..1998..1999,Coffee-Rubber,NA,NA,aggregated M.Year,2
05.6667 -6.7167 B1000,1989..1990..1991..1992..1993..1994..1995..1996..1997..1998..1999,Kola Nut-Rubber,NA,NA,aggregated M.Year,2
05.6667 -6.7167 B1000,1989..1990..1991..1992..1993..1994..1995..1996..1997..1998..1999,Lemon-Rubber,NA,NA,aggregated M.Year,2
05.6667 -6.7167 B1000,1989..1990..1991..1992..1993..1994..1995..1996..1997..1998..1999..2000,Cocoa-Rubber,NA,NA,aggregated M.Year,2
05.6667 -6.7167 B1000,1989..1990..1991..1992..1993..1994..1995..1996..1997..1998..1999..2000,Coffee-Rubber,NA,NA,aggregated M.Year,2
05.6667 -6.7167 B1000,1989..1990..1991..1992..1993..1994..1995..1996..1997..1998..1999..2000,Kola Nut-Rubber,NA,NA,aggregated M.Year,2
05.6667 -6.7167 B1000,1989..1990..1991..1992..1993..1994..1995..1996..1997..1998..1999..2000,Lemon-Rubber,NA,NA,aggregated M.Year,2
05.6667 -6.7167 B1000,1989..1990..1991..1992..1993..1994..1995..1996..1997..1998..1999..2000..2001,Cocoa-Rubber,NA,NA,aggregated M.Year,2
05.6667 -6.7167 B1000,1989..1990..1991..1992..1993..1994..1995..1996..1997..1998..1999..2000..2001,Coffee-Rubber,NA,NA,aggregated M.Year,2
05.6667 -6.7167 B1000,1989..1990..1991..1992..1993..1994..1995..1996..1997..1998..1999..2000..2001,Kola Nut-Rubber,NA,NA,aggregated M.Year,2
05.6667 -6.7167 B1000,1989..1990..1991..1992..1993..1994..1995..1996..1997..1998..1999..2000..2001,Lemon-Rubber,NA,NA,aggregated M.Year,2
05.6667 -6.7167 B1000,1989..1990..1991..1992..1993..1994..1995..1996..1997..1998..1999..2000..2001..2002,Cocoa-Rubber,NA,NA,aggregated M.Year,2
05.6667 -6.7167 B1000,1989..1990..1991..1992..1993..1994..1995..1996..1997..1998..1999..2000..2001..2002,Coffee-Rubber,NA,NA,aggregated M.Year,2
05.6667 -6.7167 B1000,1989..1990..1991..1992..1993..1994..1995..1996..1997..1998..1999..2000..2001..2002,Kola Nut-Rubber,NA,NA,aggregated M.Year,2
05.6667 -6.7167 B1000,1989..1990..1991..1992..1993..1994..1995..1996..1997..1998..1999..2000..2001..2002,Lemon-Rubber,NA,NA,aggregated M.Year,2
05.6667 -6.7167 B1000,1989..1990..1991..1992..1993..1994..1995..1996..1997..1998..1999..2000..2001..2002..2003,Cocoa-Rubber,NA,NA,aggregated M.Year,2
05.6667 -6.7167 B1000,1989..1990..1991..1992..1993..1994..1995..1996..1997..1998..1999..2000..2001..2002..2003,Coffee-Rubber,NA,NA,aggregated M.Year,2
05.6667 -6.7167 B1000,1989..1990..1991..1992..1993..1994..1995..1996..1997..1998..1999..2000..2001..2002..2003,Kola Nut-Rubber,NA,NA,aggregated M.Year,2
05.6667 -6.7167 B1000,1989..1990..1991..1992..1993..1994..1995..1996..1997..1998..1999..2000..2001..2002..2003,Lemon-Rubber,NA,NA,aggregated M.Year,2
05.6667 -6.7167 B1000,1989..1990..1991..1992..1993..1994..1995..1996..1997..1998..1999..2000..2001..2002..2003..2004,Cocoa-Rubber,NA,NA,aggregated M.Year,2
05.6667 -6.7167 B1000,1989..1990..1991..1992..1993..1994..1995..1996..1997..1998..1999..2000..2001..2002..2003..2004,Coffee-Rubber,NA,NA,aggregated M.Year,2
05.6667 -6.7167 B1000,1989..1990..1991..1992..1993..1994..1995..1996..1997..1998..1999..2000..2001..2002..2003..2004,Kola Nut-Rubber,NA,NA,aggregated M.Year,2
05.6667 -6.7167 B1000,1989..1990..1991..1992..1993..1994..1995..1996..1997..1998..1999..2000..2001..2002..2003..2004,Lemon-Rubber,NA,NA,aggregated M.Year,2
05.6667 -6.7167 B1000,1989..1990..1991..1992..1993..1994..1995..1996..1997..1998..1999..2000..2001..2002..2003..2004..2005,Cocoa-Rubber,NA,NA,aggregated M.Year,2
05.6667 -6.7167 B1000,1989..1990..1991..1992..1993..1994..1995..1996..1997..1998..1999..2000..2001..2002..2003..2004..2005,Coffee-Rubber,NA,NA,aggregated M.Year,2
05.6667 -6.7167 B1000,1989..1990..1991..1992..1993..1994..1995..1996..1997..1998..1999..2000..2001..2002..2003..2004..2005,Kola Nut-Rubber,NA,NA,aggregated M.Year,2
05.6667 -6.7167 B1000,1989..1990..1991..1992..1993..1994..1995..1996..1997..1998..1999..2000..2001..2002..2003..2004..2005,Lemon-Rubber,NA,NA,aggregated M.Year,2
05.6667 -6.7167 B1000,1990,Cocoa-Rubber,NA,NA,no planting date,4
05.6667 -6.7167 B1000,1990,Coffee-Rubber,NA,NA,no planting date,4
05.6667 -6.7167 B1000,1990,Kola Nut-Rubber,NA,NA,no planting date,4
05.6667 -6.7167 B1000,1990,Lemon-Rubber,NA,NA,no planting date,4
05.6667 -6.7167 B1000,1991,Cocoa-Rubber,NA,NA,no planting date,4
05.6667 -6.7167 B1000,1991,Coffee-Rubber,NA,NA,no planting date,4
05.6667 -6.7167 B1000,1991,Kola Nut-Rubber,NA,NA,no planting date,4
05.6667 -6.7167 B1000,1991,Lemon-Rubber,NA,NA,no planting date,4
05.6667 -6.7167 B1000,1992,Cocoa-Rubber,NA,NA,no planting date,4
05.6667 -6.7167 B1000,1992,Coffee-Rubber,NA,NA,no planting date,4
05.6667 -6.7167 B1000,1992,Kola Nut-Rubber,NA,NA,no planting date,4
05.6667 -6.7167 B1000,1992,Lemon-Rubber,NA,NA,no planting date,4
05.6667 -6.7167 B1000,1993,Cocoa-Rubber,NA,NA,no planting date,4
05.6667 -6.7167 B1000,1993,Coffee-Rubber,NA,NA,no planting date,4
05.6667 -6.7167 B1000,1993,Kola Nut-Rubber,NA,NA,no planting date,4
05.6667 -6.7167 B1000,1993,Lemon-Rubber,NA,NA,no planting date,4
05.6667 -6.7167 B1000,1994,Cocoa-Rubber,NA,NA,no planting date,4
05.6667 -6.7167 B1000,1994,Coffee-Rubber,NA,NA,no planting date,4
05.6667 -6.7167 B1000,1994,Kola Nut-Rubber,NA,NA,no planting date,4
05.6667 -6.7167 B1000,1994,Lemon-Rubber,NA,NA,no planting date,4
05.6667 -6.7167 B1000,1995,Cocoa-Rubber,NA,NA,no planting date,4
05.6667 -6.7167 B1000,1995,Coffee-Rubber,NA,NA,no planting date,4
05.6667 -6.7167 B1000,1995,Kola Nut-Rubber,NA,NA,no planting date,4
05.6667 -6.7167 B1000,1995,Lemon-Rubber,NA,NA,no planting date,4
05.6667 -6.7167 B1000,1995..1996..1997..1998..1999..2000..2001..2002..2003..2004..2005,Rubber,NA,NA,aggregated M.Year,8
05.6667 -6.7167 B1000,1996,Cocoa-Rubber,NA,NA,no planting date,4
05.6667 -6.7167 B1000,1996,Coffee-Rubber,NA,NA,no planting date,4
05.6667 -6.7167 B1000,1996,Kola Nut-Rubber,NA,NA,no planting date,4
05.6667 -6.7167 B1000,1996,Lemon-Rubber,NA,NA,no planting date,4
05.6667 -6.7167 B1000,1997,Cocoa-Rubber,NA,NA,no planting date,4
05.6667 -6.7167 B1000,1997,Coffee-Rubber,NA,NA,no planting date,4
05.6667 -6.7167 B1000,1997,Kola Nut-Rubber,NA,NA,no planting date,4
05.6667 -6.7167 B1000,1997,Lemon-Rubber,NA,NA,no planting date,4
05.6667 -6.7167 B1000,1998,Cocoa-Rubber,NA,NA,no planting date,4
05.6667 -6.7167 B1000,1998,Coffee-Rubber,NA,NA,no planting date,4
05.6667 -6.7167 B1000,1998,Kola Nut-Rubber,NA,NA,no planting date,4
05.6667 -6.7167 B1000,1998,Lemon-Rubber,NA,NA,no planting date,4
05.6667 -6.7167 B1000,1999,Cocoa-Rubber,NA,NA,no planting date,4
05.6667 -6.7167 B1000,1999,Coffee-Rubber,NA,NA,no planting date,4
05.6667 -6.7167 B1000,1999,Kola Nut-Rubber,NA,NA,no planting date,4
05.6667 -6.7167 B1000,1999,Lemon-Rubber,NA,NA,no planting date,4
05.6667 -6.7167 B1000,2000,Cocoa-Rubber,NA,NA,no planting date,4
05.6667 -6.7167 B1000,2000,Coffee-Rubber,NA,NA,no planting date,4
05.6667 -6.7167 B1000,2000,Kola Nut-Rubber,NA,NA,no planting date,4
05.6667 -6.7167 B1000,2000,Lemon-Rubber,NA,NA,no planting date,4
05.6667 -6.7167 B1000,2001,Cocoa-Rubber,NA,NA,no planting date,4
05.6667 -6.7167 B1000,2001,Coffee-Rubber,NA,NA,no planting date,4
05.6667 -6.7167 B1000,2001,Kola Nut-Rubber,NA,NA,no planting date,4
05.6667 -6.7167 B1000,2001,Lemon-Rubber,NA,NA,no planting date,4
05.6667 -6.7167 B1000,2002,Cocoa-Rubber,NA,NA,no planting date,4
05.6667 -6.7167 B1000,2002,Coffee-Rubber,NA,NA,no planting date,4
05.6667 -6.7167 B1000,2002,Kola Nut-Rubber,NA,NA,no planting date,4
05.6667 -6.7167 B1000,2002,Lemon-Rubber,NA,NA,no planting date,4
05.6667 -6.7167 B1000,2003,Cocoa-Rubber,NA,NA,no planting date,4
05.6667 -6.7167 B1000,2003,Coffee-Rubber,NA,NA,no planting date,4
05.6667 -6.7167 B1000,2003,Kola Nut-Rubber,NA,NA,no planting date,4
05.6667 -6.7167 B1000,2003,Lemon-Rubber,NA,NA,no planting date,4
05.6667 -6.7167 B1000,2004,Cocoa-Rubber,NA,NA,no planting date,4
05.6667 -6.7167 B1000,2004,Coffee-Rubber,NA,NA,no planting date,4
05.6667 -6.7167 B1000,2004,Kola Nut-Rubber,NA,NA,no planting date,4
05.6667 -6.7167 B1000,2004,Lemon-Rubber,NA,NA,no planting date,4
05.6667 -6.7167 B1000,2005,Cocoa-Rubber,NA,NA,no planting date,4
05.6667 -6.7167 B1000,2005,Coffee-Rubber,NA,NA,no planting date,4
05.6667 -6.7167 B1000,2005,Kola Nut-Rubber,NA,NA,no planting date,4
05.6667 -6.7167 B1000,2005,Lemon-Rubber,NA,NA,no planting date,4
06.0360 -0.8730 B500,1986,Palm Oil,NA,NA,no planting date,9
06.0360 -0.8730 B500,1987,Palm Oil,NA,NA,no planting date,9
06.0360 -0.8730 B500,1988,Palm Oil,1988-05-01,1988-05-31,no climate row for this key,9
06.0360 -0.8730 B500,1989,Palm Oil,NA,NA,no planting date,9
06.0360 -0.8730 B500,1990,Palm Oil,NA,NA,no planting date,9
06.0360 -0.8730 B500,1991,Palm Oil,NA,NA,no planting date,9
06.0360 -0.8730 B500,1992,Palm Oil,NA,NA,no planting date,9
06.1333 -5.9333 B1800,1971,Maize,1971-03-01,1971-04-30,no climate row for this key,25
06.1333 -5.9333 B1800,1971..1972..1973..1974..1975..1976..1977..1978..1979..1980..1981..1982..1983..1984..1985..1986..1987..1988..1989..1990,Maize,1975-03-01,1975-04-30,aggregated M.Year,10
06.1333 -5.9333 B1800,1972,Maize,1972-03-01,1972-04-30,no climate row for this key,20
06.1333 -5.9333 B1800,1973,Maize,1973-03-01,1973-04-30,no climate row for this key,20
06.1333 -5.9333 B1800,1974,Maize,1974-03-01,1974-04-30,no climate row for this key,24
06.1333 -5.9333 B1800,1975,Maize,1975-03-01,1975-04-30,no climate row for this key,25
06.1333 -5.9333 B1800,1976,Maize,1976-03-01,1976-04-30,no climate row for this key,20
06.1333 -5.9333 B1800,1977,Maize,1977-03-01,1977-04-30,no climate row for this key,20
06.1333 -5.9333 B1800,1978,Maize,1978-03-01,1978-04-30,no climate row for this key,20
06.1333 -5.9333 B1800,1979,Maize,1979-03-01,1979-04-30,no climate row for this key,25
06.1333 -5.9333 B1800,1981,Maize,1981-03-01,1981-04-30,no climate row for this key,5
06.1333 -5.9333 B1800,1993,Maize,1993-03-01,1993-04-30,no climate row for this key,5
06.2000 -2.4833 B8000,2006,Cocoa-Natural Fallow,NA,NA,no planting date,6
06.2284 -0.3596 B800,1963,Cocoa,NA,NA,no planting date,1
06.2284 -0.3596 B800,1963..1964..1965..1966..1967..1968..1969..1970..1971..1972..1973..1974..1975..1976..1977..1978..1979..1980..1981..1982,Cocoa,NA,NA,aggregated M.Year,60
06.2284 -0.3596 B800,1964,Cocoa,NA,NA,no planting date,1
06.2284 -0.3596 B800,1965,Cocoa,NA,NA,no planting date,1
06.2284 -0.3596 B800,1966,Cocoa,NA,NA,no planting date,1
06.2284 -0.3596 B800,1967,Cocoa,NA,NA,no planting date,1
06.2284 -0.3596 B800,1968,Cocoa,NA,NA,no planting date,2
06.2284 -0.3596 B800,1969,Cocoa,NA,NA,no planting date,2
06.2284 -0.3596 B800,1970,Cocoa,NA,NA,no planting date,2
06.2284 -0.3596 B800,1971,Cocoa,NA,NA,no planting date,2
06.2284 -0.3596 B800,1972,Cocoa,NA,NA,no planting date,2
06.2284 -0.3596 B800,1973,Cocoa,NA,NA,no planting date,2
06.2284 -0.3596 B800,1974,Cocoa,NA,NA,no planting date,2
06.2284 -0.3596 B800,1975,Cocoa,NA,NA,no planting date,2
06.2284 -0.3596 B800,1976,Cocoa,NA,NA,no planting date,2
06.2284 -0.3596 B800,1977,Cocoa,NA,NA,no planting date,2
06.2284 -0.3596 B800,1978,Cocoa,NA,NA,no planting date,2
06.2284 -0.3596 B800,1979,Cocoa,NA,NA,no planting date,2
06.2284 -0.3596 B800,1980,Cocoa,NA,NA,no planting date,2
06.2284 -0.3596 B800,1981,Cocoa,NA,NA,no planting date,2
06.2284 -0.3596 B800,1982,Cocoa,NA,NA,no planting date,2
06.2892 -0.4562 B2000,1991/92,Robusta,NA,NA,no planting date,6
06.2892 -0.4562 B2000,1992/93,Robusta,NA,NA,no planting date,6
06.2892 -0.4562 B2000,1993/94,Robusta,NA,NA,no planting date,6
06.2892 -0.4562 B2000,1994/95,Robusta,NA,NA,no planting date,6
06.4105 02.3210 B2000,1999.2,Maize-Natural Fallow,NA,NA,no planting date,6
06.4193 02.3295 B200,1986,Cassava,1986-04-30,1986-05-07,no climate row for this key,8
06.4193 02.3295 B200,1987,Cassava,1987-04-30,1987-05-07,no climate row for this key,7
06.4193 02.3295 B200,1988,Cassava,1988-04-30,1988-05-07,no climate row for this key,8
06.4193 02.3295 B200,1989,Cassava,1989-04-30,1989-05-07,no climate row for this key,8
06.4193 02.3295 B200,1989,Cassava-Maize,NA,NA,no planting date,1
06.4193 02.3295 B200,1990,Cassava,1990-04-30,1990-05-07,no climate row for this key,8
06.4193 02.3295 B200,1991,Cassava,1991-04-30,1991-05-07,no climate row for this key,8
06.4193 02.3295 B200,1991,Cassava-Maize,NA,NA,no planting date,1
06.5863 -1.1314 B3000,1992/93,Robusta,NA,NA,no planting date,6
06.5863 -1.1314 B3000,1993/94,Robusta,NA,NA,no planting date,6
06.5863 -1.1314 B3000,1994/95,Robusta,NA,NA,no planting date,6
06.6833 01.4167 B2000,1972.1,Maize,1972-08-01,1972-10-31,no climate row for this key,2
06.6833 01.4167 B2000,1972.2,Cotton,1972-11-29,1973-02-28,no climate row for this key,4
06.6833 01.4167 B2000,1973.1,Maize,1973-08-01,1973-10-31,no climate row for this key,2
06.6833 01.4167 B2000,1973.2,Cotton,1973-11-29,1974-02-28,no climate row for this key,4
06.6833 01.4167 B2000,1973.2,Cotton-Maize,NA,NA,no planting date,4
06.6833 01.4167 B2000,1974.1,Maize,1974-08-01,1974-10-31,no climate row for this key,2
06.6833 01.4167 B2000,1974.2,Cotton,1974-11-29,1975-02-28,no climate row for this key,4
06.6833 01.4167 B2000,1974.2,Cotton-Maize,NA,NA,no planting date,4
06.6833 01.4167 B2000,1975.1,Maize,1975-08-01,1975-10-31,no climate row for this key,2
06.6833 01.4167 B2000,1975.2,Cotton,1975-11-29,1976-02-28,no climate row for this key,4
06.6833 01.4167 B2000,1975.2,Cotton-Maize,NA,NA,no planting date,4
06.6833 01.4167 B2000,1976.1,Maize,1976-08-01,1976-10-31,no climate row for this key,2
06.6833 01.4167 B2000,1976.2,Cotton,1976-11-29,1977-02-28,no climate row for this key,4
06.6833 01.4167 B2000,1976.2,Cotton-Maize,NA,NA,no planting date,4
06.6833 01.4167 B2000,1978.1,Maize,1978-08-01,1978-10-31,no climate row for this key,2
06.6833 01.4167 B2000,1978.2,Cotton,1978-11-29,1979-02-28,no climate row for this key,4
06.6833 01.4167 B2000,1978.2,Cotton-Maize,NA,NA,no planting date,4
06.6833 01.4167 B2000,1979.1,Maize,1979-08-01,1979-10-31,no climate row for this key,2
06.6833 01.4167 B2000,1979.2,Cotton,1979-11-29,1980-02-28,no climate row for this key,4
06.6833 01.4167 B2000,1979.2,Cotton-Maize,NA,NA,no planting date,4
06.6833 01.4167 B2000,1980.1,Maize,1980-08-01,1980-10-31,no climate row for this key,2
06.6833 01.4167 B2000,1980.2,Cotton,1980-11-29,1981-02-28,no climate row for this key,4
06.6833 01.4167 B2000,1980.2,Cotton-Maize,NA,NA,no planting date,4
06.6833 01.4167 B2000,1981.1,Maize,1981-08-01,1981-10-31,no climate row for this key,2
06.6833 01.4167 B2000,1981.2,Cotton,1981-11-29,1982-02-28,no climate row for this key,4
06.6833 01.4167 B2000,1981.2,Cotton-Maize,NA,NA,no planting date,4
06.6833 01.4167 B2000,1982.1,Maize,1982-08-01,1982-10-31,no climate row for this key,2
06.6833 01.4167 B2000,1982.2,Cotton,1982-11-29,1983-02-28,no climate row for this key,4
06.6833 01.4167 B2000,1982.2,Cotton-Maize,NA,NA,no planting date,4
06.6833 01.4167 B2000,1983.1,Maize,1983-08-01,1983-10-31,no climate row for this key,2
06.6833 01.4167 B2000,1983.2,Cotton,1983-11-29,1984-02-28,no climate row for this key,4
06.6833 01.4167 B2000,1983.2,Cotton-Maize,NA,NA,no planting date,4
06.6833 01.4167 B2000,1984.2,Cotton,1984-11-29,1985-02-28,no climate row for this key,4
06.6833 01.4167 B2000,1984.2,Cotton-Maize,NA,NA,no planting date,4
06.6833 01.4167 B2000,1985.2,Cotton,1985-11-29,1986-02-28,no climate row for this key,4
06.6833 01.4167 B2000,1985.2,Cotton-Maize,NA,NA,no planting date,4
06.6833 01.4167 B2000,1986.2,Cotton,1986-11-29,1987-02-28,no climate row for this key,4
06.6833 01.4167 B2000,1986.2,Cotton-Maize,NA,NA,no planting date,4
06.6833 01.4167 B2000,1987.2,Cotton,1987-11-29,1988-02-28,no climate row for this key,4
06.6833 01.4167 B2000,1987.2,Cotton-Maize,NA,NA,no planting date,4
06.6833 01.4167 B2000,1988.2,Cotton,1988-11-29,1989-02-28,no climate row for this key,4
06.6833 01.4167 B2000,1988.2,Cotton-Maize,NA,NA,no planting date,4
06.6833 01.4167 B2000,1989.2,Cotton,1989-11-29,1990-02-28,no climate row for this key,4
06.6833 01.4167 B2000,1989.2,Cotton-Maize,NA,NA,no planting date,4
06.6833 01.4167 B2000,1990.2,Cotton,1990-11-29,1991-02-28,no climate row for this key,4
06.6833 01.4167 B2000,1990.2,Cotton-Maize,NA,NA,no planting date,4
06.6833 01.4167 B2000,1991.2,Cotton,1991-11-29,1992-02-28,no climate row for this key,4
06.6833 01.4167 B2000,1991.2,Cotton-Maize,NA,NA,no planting date,4
07.0080 -1.4250 B3000,1972.1,Maize,1972-03-11,1972-03-21,no climate row for this key,20
07.0080 -1.4250 B3000,1972.2,Cassava,1972-09-01,1972-09-30,no climate row for this key,20
07.0080 -1.4250 B3000,1974.1,Maize,1974-03-11,1974-03-21,no climate row for this key,20
07.0080 -1.4250 B3000,1975.1,Maize,1975-03-11,1975-03-21,no climate row for this key,20
07.0080 -1.4250 B3000,1975.2,Cassava,1975-09-01,1975-09-30,no climate row for this key,20
07.0080 -1.4250 B3000,1977.1,Maize,1977-03-11,1977-03-21,no climate row for this key,20
07.0080 -1.4250 B3000,1978.1,Maize,1978-03-11,1978-03-21,no climate row for this key,20
07.0080 -1.4250 B3000,1978.2,Cassava,1978-09-01,1978-09-30,no climate row for this key,20
07.0080 -1.4250 B3000,1980.1,Maize,1980-03-11,1980-03-21,no climate row for this key,20
07.2833 38.8000 B917,,Maize-Sorghum,NA,NA,no planting date,7
07.2917 38.8000 B6,,Maize-Sorghum,NA,NA,no planting date,7
07.3000 38.8000 B917,,Maize-Sorghum,NA,NA,no planting date,14
07.3250 38.8167 B6,,Maize-Sorghum,NA,NA,no planting date,7
07.4024 03.9069 B3000,1976.1,Maize,1976-04-10,1976-04-20,no climate row for this key,9
07.4024 03.9069 B3000,1976.2,Maize,1979-08-25,1979-08-31,no climate row for this key,9
07.4024 03.9069 B3000,1977.1,Maize,1977-04-10,1977-04-20,no climate row for this key,9
07.4024 03.9069 B3000,1977.2,Maize,1977-08-25,1977-08-31,no climate row for this key,9
07.4024 03.9069 B3000,1978.1,Maize,1978-04-10,1978-04-20,no climate row for this key,9
07.4024 03.9069 B3000,1978.2,Maize,1975-08-25,1975-08-31,no climate row for this key,9
07.4024 03.9069 B3000,1979.1,Maize,1979-04-10,1979-04-20,no climate row for this key,9
07.4024 03.9069 B3000,1979.2,Maize,1973-08-25,1973-08-31,no climate row for this key,9
07.4024 03.9069 B3000,1980.1,Maize,1980-04-10,1980-04-20,no climate row for this key,9
07.4024 03.9069 B3000,1980.2,Maize,1971-08-25,1971-08-31,no climate row for this key,9
07.4024 03.9069 B3000,1981.1,Cowpea,NA,NA,no planting date,5
07.4024 03.9069 B3000,1981.1,Maize,1981-04-01,1981-04-30,no climate row for this key,2
07.4024 03.9069 B3000,1982.1,Cowpea,NA,NA,no planting date,5
07.4024 03.9069 B3000,1982.1,Maize,1982-04-01,1982-04-30,no climate row for this key,8
07.4024 03.9069 B3000,1983.1,Cowpea,NA,NA,no planting date,5
07.4024 03.9069 B3000,1983.1,Maize,1983-04-01,1983-04-30,no climate row for this key,8
07.4440 03.9000 B1000,2004.1,Maize,2004-02-01,2004-04-30,no climate row for this key,6
07.4980 03.9030 B1000,1977.2,Maize,1977-08-15,1977-08-21,no climate row for this key,144
07.4980 03.9030 B1000,1979.1981,Maize,NA,NA,no planting date,8
07.4980 03.9030 B1000,1979.2,Rice,1979-08-07,1979-08-21,no climate row for this key,13
07.4980 03.9030 B1000,1979.3,Cowpea,1979-12-01,1980-12-31,no climate row for this key,8
07.4980 03.9030 B1000,1980.1,Maize,1980-04-11,1980-04-20,no climate row for this key,32
07.4980 03.9030 B1000,1980.1,Rice,1980-03-07,1980-03-21,no climate row for this key,13
07.4980 03.9030 B1000,1980.2,Maize,1980-08-11,1980-08-20,no climate row for this key,32
07.4980 03.9030 B1000,1980.2,Maize,1980-08-20,1980-08-20,no climate row for this key,144
07.4980 03.9030 B1000,1980.2,Rice,1980-08-07,1980-08-21,no climate row for this key,91
07.4980 03.9030 B1000,1981.1,Maize,1981-04-11,1981-04-20,no climate row for this key,63
07.4980 03.9030 B1000,1981.1,Rice,1981-03-07,1981-03-21,no climate row for this key,13
07.4980 03.9030 B1000,1981.2,Maize,1981-08-11,1981-08-20,no climate row for this key,146
07.4980 03.9030 B1000,1981.2,Maize,1981-08-20,1981-08-20,no climate row for this key,113
07.4980 03.9030 B1000,1982.1,Cowpea,1982-04-01,1982-04-30,no climate row for this key,1
07.4980 03.9030 B1000,1982.1,Maize,1982-03-01,1982-04-30,no climate row for this key,16
07.4980 03.9030 B1000,1982.1,Maize,1982-04-01,1982-04-30,no climate row for this key,4
07.4980 03.9030 B1000,1982.1,Maize,1982-04-11,1982-04-20,no climate row for this key,51
07.4980 03.9030 B1000,1982.1,Maize,NA,NA,no planting date,6
07.4980 03.9030 B1000,1982.1,Rice,1982-03-07,1982-03-21,no climate row for this key,13
07.4980 03.9030 B1000,1982.2,Cowpea-Maize,NA,NA,no planting date,22
07.4980 03.9030 B1000,1982.2,Maize,1982-08-11,1982-08-20,no climate row for this key,32
07.4980 03.9030 B1000,1982.2,Maize,1982-08-20,1982-08-20,no climate row for this key,58
07.4980 03.9030 B1000,1982.2,Maize,NA,NA,no planting date,3
07.4980 03.9030 B1000,1982.2,Rice,1982-08-07,1982-08-21,no climate row for this key,13
07.4980 03.9030 B1000,1983.1,Maize,1983-04-11,1983-04-20,no climate row for this key,51
07.4980 03.9030 B1000,1983.1,Maize,NA,NA,no planting date,19
07.4980 03.9030 B1000,1983.1,Rice,1983-03-07,1983-03-21,no climate row for this key,13
07.4980 03.9030 B1000,1983.1988,Maize,NA,NA,no planting date,4
07.4980 03.9030 B1000,1983.2,Cowpea-Maize,NA,NA,no planting date,6
07.4980 03.9030 B1000,1983.2,Rice,1983-08-07,1983-08-21,no climate row for this key,13
07.4980 03.9030 B1000,1984.2,Cowpea-Maize,NA,NA,no planting date,6
07.4980 03.9030 B1000,1985.1,Cowpea,1982-08-01,1982-08-30,no climate row for this key,1
07.4980 03.9030 B1000,1985.2,Cowpea-Maize,NA,NA,no planting date,6
07.4980 03.9030 B1000,1986.1,Cowpea-Maize,NA,NA,no planting date,34
07.4980 03.9030 B1000,1987.2,Cowpea-Maize,NA,NA,no planting date,9
07.4980 03.9030 B1000,1989,Cassava,1989-04-01,1989-04-30,no climate row for this key,18
07.4980 03.9030 B1000,1991,Cassava,1991-04-01,1991-04-30,no climate row for this key,4
07.4980 03.9030 B1000,1991.1..1992.1..1993.1..1994.1..1995.1..1996.1..1997.1..1998.1..1999.1..2000.1..2001.1,Maize,NA,NA,aggregated M.Year,3
07.4980 03.9030 B1000,1992,Cassava,1992-04-01,1992-04-30,no climate row for this key,10
07.4980 03.9030 B1000,1993,Cassava,1993-04-01,1993-04-30,no climate row for this key,18
07.4980 03.9030 B1000,1994,Cassava,1994-04-01,1994-04-30,no climate row for this key,18
07.4980 03.9030 B1000,1995,Cassava,1995-04-01,1995-04-30,no climate row for this key,18
07.4980 03.9030 B1000,1996,Cassava,1996-03-01,1996-03-31,no climate row for this key,584
07.4980 03.9030 B1000,1996,Cassava,1996-04-01,1996-04-30,no climate row for this key,18
07.4980 03.9030 B1000,1997,Cassava,1997-04-01,1997-04-30,no climate row for this key,18
07.4980 03.9030 B1000,1997.1,Cowpea-Maize-Natural Fallow,NA,NA,no planting date,1
07.4980 03.9030 B1000,1998,Cassava,1998-04-01,1998-04-30,no climate row for this key,18
07.4980 03.9030 B1000,1999,Cassava,1999-04-01,1999-04-30,no climate row for this key,15
07.4980 03.9030 B1000,1999.1,Maize,1999-04-07,1999-06-05,no climate row for this key,3
07.4980 03.9030 B1000,2000,Cassava,2000-04-01,2000-04-30,no climate row for this key,18
07.4980 03.9030 B1000,2002.1,Cowpea-Maize-Natural Fallow,NA,NA,no planting date,13
07.6179 04.7727 B200,2012.2013,Leucaena leucocephala-Maize,NA,NA,no planting date,13
07.9311 39.1234 B200,1968.1980,Cattle,NA,NA,no planting date,18
08.4000 39.0333 B1000,2017,Teff,NA,NA,no planting date,10
08.4000 39.0333 B1000,2019,Teff,NA,NA,no planting date,10
08.4162 39.3235 B600,1982.2..1983.2..1984.2..1985.2..1986.2,Maize,NA,NA,aggregated M.Year,6
08.4162 39.3235 B600,1991.2,Maize,1991-04-01,1991-06-30,no climate row for this key,3
08.4162 39.3235 B600,2016,Common Bean-Maize,NA,NA,no planting date,8
08.4162 39.3235 B600,2016,Maize,NA,NA,no planting date,1
08.9500 39.1000 B1000,1998.2..2001.2,Durum Wheat,NA,NA,aggregated M.Year,4
08.9500 39.1000 B1000,1999.2..2002.2,Lentil,NA,NA,aggregated M.Year,4
08.9500 39.1000 B1000,2000.2..2002.2,Teff,NA,NA,aggregated M.Year,4
08.9500 39.1000 B1000,2001.2,Durum Wheat-Lentil-Teff,NA,NA,no planting date,4
08.9500 39.1000 B1000,2002.2,Durum Wheat-Lentil-Teff,NA,NA,no planting date,6
08.9500 39.1000 B1000,2003.1,Teff,NA,NA,no planting date,4
09.0221 38.1806 B300,1997,Wheat,NA,NA,no planting date,30
09.1000 37.1500 B1000,2017,Maize,2017-06-01,2017-06-21,no climate row for this key,10
09.2190 41.1140 B4000,1986..1987..1988..1989..1990,Maize,NA,NA,aggregated M.Year,168
09.2190 41.1140 B4000,1986..1987..1988..1989..1990..1991..1992..1993..1994..1995,Sorghum,NA,NA,aggregated M.Year,28
09.2190 41.1140 B4000,1988,Maize,1988-01-01,1988-12-31,no climate row for this key,8
09.2190 41.1140 B4000,1988,Sorghum,1988-01-01,1988-12-31,no climate row for this key,9
09.2190 41.1140 B4000,1989,Maize,1989-01-01,1989-12-31,no climate row for this key,8
09.2190 41.1140 B4000,1989,Sorghum,1989-01-01,1989-12-31,no climate row for this key,13
09.2190 41.1140 B4000,1990,Maize,1990-01-01,1990-12-31,no climate row for this key,8
09.2190 41.1140 B4000,1990,Sorghum,1990-01-01,1990-12-31,no climate row for this key,22
09.2190 41.1140 B4000,1991,Maize,1991-01-01,1991-12-31,no climate row for this key,4
09.2190 41.1140 B4000,1991,Sorghum,1991-01-01,1991-12-31,no climate row for this key,22
09.2190 41.1140 B4000,1992,Maize,1992-01-01,1992-12-31,no climate row for this key,8
09.2190 41.1140 B4000,1992,Sorghum,1992-01-01,1992-12-31,no climate row for this key,22
09.2190 41.1140 B4000,1994,Maize,1994-01-01,1994-12-31,no climate row for this key,8
09.2190 41.1140 B4000,1994,Sorghum,1994-01-01,1994-12-31,no climate row for this key,22
09.4013 -0.8725 B1000,2007,Maize,2007-04-01,2007-05-30,no climate row for this key,4
09.8300 39.5700 B550,NA,Sheep,NA,NA,no planting date,2
10.0833 -3.2500 B875,,Maize-Sorghum,NA,NA,no planting date,13
10.6667 37.5167 B1500,2015,Barley-Fava Bean-Maize-Teff-Wheat,NA,NA,no planting date,1
11.0000 -4.3333 B1000,2007,Sorghum,2007-06-01,2007-06-30,no climate row for this key,4
11.0000 07.7000 B5500,1974,Cotton,1974-04-01,1974-05-31,no climate row for this key,2
11.0000 07.7000 B5500,1974,Groundnut,1974-04-01,1974-05-31,no climate row for this key,2
11.0000 07.7000 B5500,1974,Sorghum,1974-04-01,1974-05-31,no climate row for this key,2
11.0000 07.7000 B5500,1975,Cotton,1975-04-01,1975-05-31,no climate row for this key,2
11.0000 07.7000 B5500,1975,Groundnut,1975-04-01,1975-05-31,no climate row for this key,2
11.0000 07.7000 B5500,1975,Sorghum,1975-04-01,1975-05-31,no climate row for this key,2
11.0000 07.7000 B5500,1976,Cotton,1976-04-01,1976-05-31,no climate row for this key,2
11.0000 07.7000 B5500,1976,Groundnut,1976-04-01,1976-05-31,no climate row for this key,1
11.0000 07.7000 B5500,1977,Cotton,1977-04-01,1977-05-31,no climate row for this key,2
11.0000 07.7000 B5500,1977,Groundnut,1977-04-01,1977-05-31,no climate row for this key,2
11.0000 07.7000 B5500,1977,Sorghum,1977-04-01,1977-05-31,no climate row for this key,2
11.0000 07.7000 B5500,1978,Cotton,1978-04-01,1978-05-31,no climate row for this key,2
11.0000 07.7000 B5500,1978,Groundnut,1978-04-01,1978-05-31,no climate row for this key,2
11.0000 07.7000 B5500,1978,Sorghum,1978-04-01,1978-05-31,no climate row for this key,2
11.0000 07.7000 B5500,1979,Cotton,1979-04-01,1979-05-31,no climate row for this key,2
11.0000 07.7000 B5500,1979,Groundnut,1979-04-01,1979-05-31,no climate row for this key,2
11.0000 07.7000 B5500,1979,Sorghum,1979-04-01,1979-05-31,no climate row for this key,2
11.0000 07.7000 B5500,1980,Maize,1980-04-01,1980-05-31,no climate row for this key,18
11.0981 -4.3338 B500,1993..2003,Cotton,NA,NA,aggregated M.Year,21
11.0981 -4.3338 B500,1993..2003,Groundnut,NA,NA,aggregated M.Year,2
11.0981 -4.3338 B500,1993..2003,Maize,NA,NA,aggregated M.Year,19
11.0981 -4.3338 B500,1993..2003,Sorghum,NA,NA,aggregated M.Year,301
11.0981 -4.3338 B500,2004,Maize,2004-06-01,2004-06-30,no climate row for this key,4
11.1400 39.6300 B550,NA,Sheep,NA,NA,no planting date,1
11.1591 07.6381 B300,1959,Cotton-Groundnut-Sorghum,NA,NA,no planting date,16
11.1591 07.6381 B300,1961,Cotton-Groundnut-Sorghum,NA,NA,no planting date,8
11.1591 07.6381 B300,1964,Cotton,NA,NA,no planting date,16
11.1591 07.6381 B300,1967,Cotton,NA,NA,no planting date,16
11.1591 07.6381 B300,1969,Cotton-Groundnut-Sorghum,NA,NA,no planting date,8
11.1591 07.6381 B300,1970,Cotton-Groundnut-Sorghum,NA,NA,no planting date,26
11.1591 07.6381 B300,1995,Groundnut-Maize,NA,NA,no planting date,72
11.1630 07.6350 B500,1978,Maize,1978-03-01,1978-06-30,no climate row for this key,2
11.1630 07.6350 B500,1979,Cotton,1979-03-01,1979-06-30,no climate row for this key,2
11.1630 07.6350 B500,1979,Cotton-Maize,NA,NA,no planting date,2
11.1630 07.6350 B500,1979,Maize,NA,NA,no planting date,2
11.1630 07.6350 B500,1980,Cotton,NA,NA,no planting date,2
11.1630 07.6350 B500,1980,Maize,1980-03-01,1980-06-30,no climate row for this key,2
11.1630 07.6350 B500,1981,Cotton,1981-03-01,1981-06-30,no climate row for this key,2
11.1630 07.6350 B500,1981,Cotton-Maize,NA,NA,no planting date,2
11.1630 07.6350 B500,1981,Maize,NA,NA,no planting date,2
11.1630 07.6350 B500,1982,Cotton,NA,NA,no planting date,2
11.1630 07.6350 B500,1982,Maize,1982-03-01,1982-06-30,no climate row for this key,2
11.1630 07.6350 B500,1983,Cotton,1983-03-01,1983-06-30,no climate row for this key,2
11.1630 07.6350 B500,1983,Cotton-Maize,NA,NA,no planting date,46
11.1630 07.6350 B500,1983,Maize,NA,NA,no planting date,2
11.1833 07.6333 B917,1999.2003,Maize,NA,NA,no planting date,13
11.6470 08.4480 B2000,1982-M,Maize,1982-06-07,1982-06-15,no climate row for this key,4
11.6470 08.4480 B2000,1982-W,Wheat,1981-11-14,1981-11-21,no climate row for this key,4
11.6470 08.4480 B2000,1983-M,Maize,1983-06-07,1983-06-15,no climate row for this key,4
11.6470 08.4480 B2000,1983-M,Maize-Wheat,NA,NA,no planting date,5
11.6470 08.4480 B2000,1983-W,Maize-Wheat,NA,NA,no planting date,20
11.6470 08.4480 B2000,1983-W,Wheat,1982-11-14,1982-11-21,no climate row for this key,4
11.8924 03.3200 B20000,1988,Cowpea,1988-06-01,1988-06-30,no climate row for this key,3
11.8924 03.3200 B20000,1988,Groundnut,1988-06-01,1988-06-30,no climate row for this key,3
11.8924 03.3200 B20000,1988..1989..1990..1991..1992,Cowpea,NA,NA,aggregated M.Year,13
11.8924 03.3200 B20000,1988..1989..1990..1991..1992,Groundnut,NA,NA,aggregated M.Year,13
11.8924 03.3200 B20000,1988..1989..1990..1991..1992,Pearl Millet,NA,NA,aggregated M.Year,66
11.9746 03.4910 B25000,1988,Cowpea,1988-06-01,1988-06-30,no climate row for this key,3
11.9746 03.4910 B25000,1988,Groundnut,1988-06-01,1988-06-30,no climate row for this key,3
11.9746 03.4910 B25000,1988,Pearl Millet,1988-06-01,1988-06-30,no climate row for this key,3
11.9746 03.4910 B25000,1988..1989..1990..1991..1992,Cowpea,NA,NA,aggregated M.Year,13
11.9746 03.4910 B25000,1988..1989..1990..1991..1992,Groundnut,NA,NA,aggregated M.Year,13
11.9746 03.4910 B25000,1988..1989..1990..1991..1992,Pearl Millet,NA,NA,aggregated M.Year,66
12.2333 -2.2667 B65000,1987,Sorghum,1987-05-15,1987-06-15,no climate row for this key,18
12.2333 -2.2667 B65000,1988,Sorghum,1988-05-15,1988-06-15,no climate row for this key,18
12.2333 -2.2667 B65000,1989,Sorghum,1989-05-15,1989-06-15,no climate row for this key,18
12.2333 -2.2667 B65000,1990,Sorghum,1990-05-15,1990-06-15,no climate row for this key,18
12.2333 -2.2667 B65000,1991,Sorghum,1991-05-15,1991-06-15,no climate row for this key,18
12.2500 -4.3333 B1000,2007,Sorghum,2007-05-01,2007-05-30,no climate row for this key,4
12.2618 -2.1488 B1000,2003,Pearl Millet,2003-06-01,2003-06-30,no climate row for this key,38
12.2618 -2.1488 B2000,2001..2002..2003..2004..2005,Pearl Millet,NA,NA,aggregated M.Year,2
12.2778 -2.1551 B1000,1960,Sorghum,1960-01-01,1960-12-31,no climate row for this key,6
12.2778 -2.1551 B1000,1961,Sorghum,1961-01-01,1961-12-31,no climate row for this key,6
12.2778 -2.1551 B1000,1962,Sorghum,1962-01-01,1962-12-31,no climate row for this key,6
12.2778 -2.1551 B1000,1963,Sorghum,1963-01-01,1963-12-31,no climate row for this key,6
12.2778 -2.1551 B1000,1964,Sorghum,1964-01-01,1964-12-31,no climate row for this key,6
12.2778 -2.1551 B1000,1965,Sorghum,1965-01-01,1965-12-31,no climate row for this key,6
12.2778 -2.1551 B1000,1966,Sorghum,1966-01-01,1966-12-31,no climate row for this key,6
12.2778 -2.1551 B1000,1967,Sorghum,1967-01-01,1967-12-31,no climate row for this key,6
12.2778 -2.1551 B1000,1968,Sorghum,1968-01-01,1968-12-31,no climate row for this key,6
12.2778 -2.1551 B1000,1969,Sorghum,1969-01-01,1969-12-31,no climate row for this key,6
12.2778 -2.1551 B1000,1970,Sorghum,1970-01-01,1970-12-31,no climate row for this key,6
12.2778 -2.1551 B1000,1971,Sorghum,1971-01-01,1971-12-31,no climate row for this key,6
12.2778 -2.1551 B1000,1972,Sorghum,1972-01-01,1972-12-31,no climate row for this key,6
12.2778 -2.1551 B1000,1973,Sorghum,1973-01-01,1973-12-31,no climate row for this key,6
12.2778 -2.1551 B1000,1974,Sorghum,1974-01-01,1974-12-31,no climate row for this key,6
12.2778 -2.1551 B1000,1975,Sorghum,1975-01-01,1975-12-31,no climate row for this key,6
12.2778 -2.1551 B1000,1976,Sorghum,1976-01-01,1976-12-31,no climate row for this key,6
12.2778 -2.1551 B1000,1977,Sorghum,1977-01-01,1977-12-31,no climate row for this key,6
12.2778 -2.1551 B1000,1978,Sorghum,1978-01-01,1978-12-31,no climate row for this key,6
12.2778 -2.1551 B1000,1979,Sorghum,1979-01-01,1979-12-31,no climate row for this key,6
12.2778 -2.1551 B1000,1980,Sorghum,1980-01-01,1980-12-31,no climate row for this key,6
12.2778 -2.1551 B1000,1980,Sorghum,NA,NA,no planting date,3
12.2778 -2.1551 B1000,1981,Sorghum,1981-01-01,1981-12-31,no climate row for this key,6
12.2778 -2.1551 B1000,1981,Sorghum,NA,NA,no planting date,3
12.2778 -2.1551 B1000,1982,Sorghum,1982-01-01,1982-12-31,no climate row for this key,6
12.2778 -2.1551 B1000,1982,Sorghum,NA,NA,no planting date,3
12.2778 -2.1551 B1000,1982.1990,Sorghum,NA,NA,no planting date,3
12.2778 -2.1551 B1000,1983,Sorghum,1983-01-01,1983-12-31,no climate row for this key,6
12.2778 -2.1551 B1000,1983,Sorghum,NA,NA,no planting date,3
12.2778 -2.1551 B1000,1986..1987..1988..1989..1990..1991..1992,Sorghum,NA,NA,aggregated M.Year,2
12.2778 -2.1551 B1000,1989,Sorghum,1989-01-01,1989-12-31,no climate row for this key,6
12.2778 -2.1551 B1000,1999,Cotton-Sorghum,NA,NA,no planting date,16
12.2778 -2.1551 B1000,2000..2001..2002..2003..2004..2005..2006..2007..2008,Sorghum,NA,NA,aggregated M.Year,26
12.2778 -2.1551 B1000,2001.2012,Sorghum,NA,NA,no planting date,3
12.2778 -2.1551 B1000,2004,Sorghum,2004-01-01,2004-12-31,no climate row for this key,6
12.3368 33.4865 B10000,2001.2010,Pearl Millet,NA,NA,no planting date,1
12.3368 33.4865 B10000,2001.2010,Sesame,NA,NA,no planting date,1
12.3368 33.4865 B10000,2001.2010,Sorghum,NA,NA,no planting date,1
12.3368 33.4865 B10000,2008,Pearl Millet,NA,NA,no planting date,1
12.3368 33.4865 B10000,2008,Sesame,NA,NA,no planting date,1
12.3368 33.4865 B10000,2008,Sorghum,NA,NA,no planting date,1
12.3368 33.4865 B10000,2009,Pearl Millet,NA,NA,no planting date,1
12.3368 33.4865 B10000,2009,Sesame,NA,NA,no planting date,1
12.3368 33.4865 B10000,2009,Sorghum,NA,NA,no planting date,1
12.3368 33.4865 B10000,2010,Pearl Millet,NA,NA,no planting date,3
12.3368 33.4865 B10000,2010,Sesame,NA,NA,no planting date,3
12.3368 33.4865 B10000,2010,Sorghum,NA,NA,no planting date,3
12.5833 -5.7000 B1000,1965.1979,Cotton,NA,NA,no planting date,4
12.5833 -5.7000 B1000,1980.1989,Cotton,NA,NA,no planting date,2
12.5833 -5.7000 B1000,1980.1989,Groundnut,NA,NA,no planting date,4
12.5833 -5.7000 B1000,1980.1989,Sorghum,NA,NA,no planting date,3
12.8944 33.3658 B10000,2001.2010,Pearl Millet,NA,NA,no planting date,1
12.8944 33.3658 B10000,2001.2010,Sesame,NA,NA,no planting date,1
12.8944 33.3658 B10000,2001.2010,Sorghum,NA,NA,no planting date,1
12.8944 33.3658 B10000,2008,Pearl Millet,NA,NA,no planting date,1
12.8944 33.3658 B10000,2008,Sesame,NA,NA,no planting date,1
12.8944 33.3658 B10000,2008,Sorghum,NA,NA,no planting date,1
12.8944 33.3658 B10000,2009,Pearl Millet,NA,NA,no planting date,1
12.8944 33.3658 B10000,2009,Sesame,NA,NA,no planting date,1
12.8944 33.3658 B10000,2009,Sorghum,NA,NA,no planting date,1
12.8944 33.3658 B10000,2010,Pearl Millet,NA,NA,no planting date,3
12.8944 33.3658 B10000,2010,Sesame,NA,NA,no planting date,3
12.8944 33.3658 B10000,2010,Sorghum,NA,NA,no planting date,3
13.0784 77.5792 B500,2011,Finger Millet-Groundnut,2011-08-06,2011-08-06,no climate row for this key,12
13.0784 77.5792 B500,2011,Finger Millet-Groundnut,NA,NA,no planting date,24
13.0821 77.5770 B500,1992,Groundnut,1992-06-01,1992-06-30,no climate row for this key,7
13.0821 77.5770 B500,1994,Groundnut,1994-06-01,1994-06-30,no climate row for this key,7
13.0821 77.5770 B500,1996,Groundnut,1996-06-01,1996-06-30,no climate row for this key,7
13.0821 77.5770 B500,1998,Groundnut,1998-06-01,1998-06-30,no climate row for this key,7
13.0821 77.5770 B500,2000,Groundnut,2000-06-01,2000-06-30,no climate row for this key,7
13.0821 77.5770 B500,2002,Groundnut,2002-06-01,2002-06-30,no climate row for this key,7
13.0821 77.5770 B500,2004,Finger Millet-Groundnut,NA,NA,no planting date,40
13.0821 77.5770 B500,2004,Groundnut,2004-06-01,2004-06-30,no climate row for this key,7
13.2069 02.9384 B2000,2001..2002..2003..2004..2005,Pearl Millet,NA,NA,aggregated M.Year,2
13.2333 39.5333 B2000,2013,Barley-Peas-Teff-Wheat,NA,NA,no planting date,8
13.2333 39.5333 B917,2006,Barley-Indian Pea-Teff-Wheat,NA,NA,no planting date,2
13.2333 39.5333 B917,2006,Barley-Peas-Teff-Wheat,NA,NA,no planting date,2
13.2333 39.5333 B917,2009,Barley-Indian Pea-Teff-Wheat,NA,NA,no planting date,12
13.2333 39.5333 B917,2009,Barley-Peas-Teff-Wheat,NA,NA,no planting date,20
13.2333 39.5333 B917,2010,Barley-Peas-Teff-Wheat,NA,NA,no planting date,24
13.2333 39.5333 B917,2011,Barley-Indian Pea-Teff-Wheat,NA,NA,no planting date,12
13.2333 39.5333 B917,2011,Barley-Peas-Teff-Wheat,NA,NA,no planting date,4
13.2343 02.2840 B1100,1983,Pearl Millet,1983-06-01,1983-06-30,no climate row for this key,5
13.2343 02.2840 B1100,1984,Pearl Millet,1984-05-15,1984-06-30,no climate row for this key,21
13.2343 02.2840 B1100,1984,Pearl Millet,1984-06-01,1984-06-30,no climate row for this key,5
13.2343 02.2840 B1100,1984..1985..1986..1987..1988,Pearl Millet,NA,NA,aggregated M.Year,5
13.2343 02.2840 B1100,1984..1985..1986..1987..1988..1989..1990..1991..1992..1993..1994..1995..1996,Pearl Millet,NA,NA,aggregated M.Year,10
13.2343 02.2840 B1100,1995..1996..1997..1998..1999..2000..2001..2002..2003..2004..2005..2006..2007..2008..2009..2010..2011..2012..2013..2014..2015..2016..2017..2018..2019,Pearl Millet,NA,NA,aggregated M.Year,158
13.2343 02.2840 B1100,2001,Pearl Millet,2001-05-01,2001-07-31,no climate row for this key,4
13.2343 02.2840 B1100,2001,Pearl Millet,2001-06-01,2001-06-30,no climate row for this key,5
13.2343 02.2840 B1100,2002,Pearl Millet,2002-05-01,2002-07-31,no climate row for this key,4
13.2343 02.2840 B1100,2006,Pearl Millet,2006-05-01,2006-07-31,no climate row for this key,4
13.2343 02.2840 B1100,2011..2012..2013..2014..2015..2016..2017..2018,Pearl Millet,NA,NA,aggregated M.Year,10
13.2343 02.2840 B1100,2019,Cowpea-Pearl Millet,2019-06-01,2019-06-30,no climate row for this key,36
13.2343 02.2840 B1100,2019,Cowpea-Pearl Millet,NA,NA,no planting date,58
13.2343 02.2840 B1100,2019,Pearl Millet,2019-06-01,2019-06-30,no climate row for this key,10
13.2350 02.2830 B500,1998,Pearl Millet,1998-04-01,1998-04-30,no climate row for this key,48
13.2350 02.2830 B500,2000,Pearl Millet,1998-04-01,1998-04-30,no climate row for this key,20
13.2350 02.2830 B500,2000,Pearl Millet,2000-04-01,2000-04-30,no climate row for this key,28
13.2350 02.2830 B500,2001,Pearl Millet,1998-04-01,1998-04-30,no climate row for this key,20
13.2350 02.2830 B500,2001,Pearl Millet,2001-04-01,2001-04-30,no climate row for this key,28
13.2350 02.2830 B500,2002,Pearl Millet,1998-04-01,1998-04-30,no climate row for this key,20
13.2350 02.2830 B500,2002,Pearl Millet,2002-04-01,2002-04-30,no climate row for this key,28
13.2350 02.2830 B500,2004,Pearl Millet,1998-04-01,1998-04-30,no climate row for this key,20
13.2350 02.2830 B500,2004,Pearl Millet,2004-04-01,2004-04-30,no climate row for this key,34
13.2350 02.2830 B500,2006,Pearl Millet,1998-04-01,1998-04-30,no climate row for this key,20
13.2350 02.2830 B500,2006,Pearl Millet,2006-05-25,2006-05-31,no climate row for this key,34
13.2500 02.3000 B5000,1988,Cowpea,1988-06-01,1988-06-30,no climate row for this key,3
13.2500 02.3000 B5000,1988,Groundnut,1988-06-01,1988-06-30,no climate row for this key,3
13.2500 02.3000 B5000,1988..1989..1990..1991..1992,Pearl Millet,NA,NA,aggregated M.Year,66
13.2790 -5.9340 B3000,2001..2002..2003..2004..2005,Pearl Millet,NA,NA,aggregated M.Year,2
13.6500 39.1667 B1000,2005,Barley-Chickpea-Wheat,NA,NA,no planting date,4
13.6500 39.1667 B1000,2005,Wheat,2005-06-01,2005-06-30,no climate row for this key,4
13.6500 39.1667 B1000,2007,Barley-Chickpea-Wheat,NA,NA,no planting date,2
13.6500 39.1667 B1000,2008,Barley-Chickpea-Wheat,NA,NA,no planting date,4
13.6500 39.1667 B1000,2009,Barley-Chickpea-Wheat,NA,NA,no planting date,4
13.6500 39.1667 B1000,2010,Barley-Chickpea-Wheat,NA,NA,no planting date,8
13.7585 -15.7870 B300,2006,Groundnut,2006-06-01,2006-06-30,no climate row for this key,4
13.7585 -15.7870 B300,2012,Groundnut,2012-06-01,2012-06-30,no climate row for this key,12
13.7585 -15.7870 B300,2014,Groundnut,2014-06-01,2014-06-30,no climate row for this key,12
13.9334 39.5333 B15000,2016.1,Barley-Common Bean-Finger Millet-Teff-Wheat,NA,NA,no planting date,6
13.9646 38.3935 B3500,2010,Fodder (Natural Vegetation),NA,NA,no planting date,4
16.2330 -16.2330 B400,1991-HDS..1992-HDS..1993-HDS..1994-HDS..1995-HDS..1996-HDS..1997-HDS..1998-HDS..1999-HDS..2000-HDS..2001-HDS..2002-HDS..2003-HDS..2004-HDS..2005-HDS..2006-HDS..2007-HDS..2008-HDS..2009-HDS..2010-HDS..2011-HDS..2012-HDS..2013-HDS..2014-HDS..2015-HDS..2016-HDS,Rice,NA,NA,aggregated M.Year,10
16.2330 -16.2330 B400,1991-WS..1992-WS..1993-WS..1994-WS..1995-WS..1996-WS..1997-WS..1998-WS..1999-WS..2000-WS..2001-WS..2002-WS..2003-WS..2004-WS..2005-WS..2006-WS..2007-WS..2008-WS..2009-WS..2010-WS..2011-WS..2012-WS..2013-WS..2014-WS..2015-WS..2016-WS,Rice,NA,NA,aggregated M.Year,10
16.2330 -16.2330 B400,1991.1,Rice,NA,NA,no planting date,20
16.2330 -16.2330 B400,1997.1,Rice,NA,NA,no planting date,20
16.2330 -16.2330 B400,2006.2,Rice,NA,NA,no planting date,4
16.2330 -16.2330 B400,2007.1,Rice,NA,NA,no planting date,10
16.2330 -16.2330 B400,2016.1,Rice,NA,NA,no planting date,20
16.5352 -15.1922 B300,1991-HDS..1992-HDS..1993-HDS..1994-HDS..1995-HDS..1996-HDS..1997-HDS..1998-HDS..1999-HDS..2000-HDS..2001-HDS..2002-HDS..2003-HDS..2004-HDS..2005-HDS..2006-HDS..2007-HDS..2008-HDS..2009-HDS..2010-HDS..2011-HDS..2012-HDS..2013-HDS..2014-HDS..2015-HDS..2016-HDS,Rice,NA,NA,aggregated M.Year,10
16.5352 -15.1922 B300,1991-WS..1992-WS..1993-WS..1994-WS..1995-WS..1996-WS..1997-WS..1998-WS..1999-WS..2000-WS..2001-WS..2002-WS..2003-WS..2004-WS..2005-WS..2006-WS..2007-WS..2008-WS..2009-WS..2010-WS..2011-WS..2012-WS..2013-WS..2014-WS..2015-WS..2016-WS,Rice,NA,NA,aggregated M.Year,10
16.5352 -15.1922 B300,2007.1,Rice,NA,NA,no planting date,10
16.5352 -15.1922 B300,2008.2,Rice,NA,NA,no planting date,12
16.5352 -15.1922 B300,2016.1,Rice,NA,NA,no planting date,20
17.1000 78.6667 B500,2003.1,Sunflower,2003-06-01,2003-07-31,no climate row for this key,14
17.1000 78.6667 B500,2004.1,Horsegram-Sorghum-Sunflower,NA,NA,no planting date,48
20.2643 85.8063 B1000,2005.1..2005.2..2006.1..2006.2..2007.1..2007.2..2008.1..2008.2..2009.1..2009.2,Rice,NA,NA,aggregated M.Year,20
20.2643 85.8063 B1000,2014.1,Rice,NA,NA,no planting date,70
20.2643 85.8063 B1000,2014.2,Rice,2014-07-01,2014-07-31,no climate row for this key,40
20.4523 85.9341 B1800,2010.2,Rice,NA,NA,no planting date,26
20.7000 77.0333 B4000,1988 R,Wheat,NA,NA,no planting date,1
20.7000 77.0333 B4000,1989 R,Wheat,NA,NA,no planting date,1
20.7000 77.0333 B4000,1990 R,Wheat,NA,NA,no planting date,1
20.7000 77.0333 B4000,1991 R,Wheat,NA,NA,no planting date,1
20.7000 77.0333 B4000,1992 R,Wheat,NA,NA,no planting date,1
20.7000 77.0333 B4000,1993 R,Wheat,NA,NA,no planting date,1
20.7000 77.0333 B4000,1994 R,Wheat,NA,NA,no planting date,1
20.7000 77.0333 B4000,1995 R,Wheat,NA,NA,no planting date,1
20.7000 77.0333 B4000,1996 R,Wheat,NA,NA,no planting date,1
20.7000 77.0333 B4000,1997 R,Wheat,NA,NA,no planting date,1
20.7000 77.0333 B4000,1998 R,Wheat,NA,NA,no planting date,1
20.7000 77.0333 B4000,1999 R,Wheat,NA,NA,no planting date,1
20.7000 77.0333 B4000,2000 R,Wheat,NA,NA,no planting date,1
20.7000 77.0333 B4000,2001 R,Wheat,NA,NA,no planting date,1
20.7000 77.0333 B4000,2001 W,Sorghum-Wheat,NA,NA,no planting date,21
20.7000 77.0667 B2000,2007-W,Sorghum-Wheat,NA,NA,no planting date,39
22.7598 88.4269 B500,2013.1,Jute Mallow,NA,NA,no planting date,9
22.7598 88.4269 B500,2013.2,Rice,NA,NA,no planting date,12
22.7598 88.4269 B500,2013.3,Wheat,NA,NA,no planting date,12
22.7609 88.4001 B2000,1971 R,Rice,NA,NA,no planting date,10
22.7609 88.4001 B2000,1972 R,Rice,NA,NA,no planting date,10
22.7609 88.4001 B2000,1972 S,Jute Mallow,NA,NA,no planting date,10
22.7609 88.4001 B2000,1972 W,Wheat,NA,NA,no planting date,7
22.7609 88.4001 B2000,1973 R,Rice,NA,NA,no planting date,10
22.7609 88.4001 B2000,1973 S,Jute Mallow,NA,NA,no planting date,10
22.7609 88.4001 B2000,1973 W,Wheat,NA,NA,no planting date,7
22.7609 88.4001 B2000,1974 R,Rice,NA,NA,no planting date,10
22.7609 88.4001 B2000,1974 S,Jute Mallow,NA,NA,no planting date,10
22.7609 88.4001 B2000,1974 W,Wheat,NA,NA,no planting date,7
22.7609 88.4001 B2000,1975 R,Rice,NA,NA,no planting date,10
22.7609 88.4001 B2000,1975 S,Jute Mallow,NA,NA,no planting date,10
22.7609 88.4001 B2000,1975 W,Wheat,NA,NA,no planting date,7
22.7609 88.4001 B2000,1976 R,Rice,NA,NA,no planting date,10
22.7609 88.4001 B2000,1976 S,Jute Mallow,NA,NA,no planting date,10
22.7609 88.4001 B2000,1976 W,Wheat,NA,NA,no planting date,7
22.7609 88.4001 B2000,1977 R,Rice,NA,NA,no planting date,10
22.7609 88.4001 B2000,1977 S,Jute Mallow,NA,NA,no planting date,10
22.7609 88.4001 B2000,1977 W,Wheat,NA,NA,no planting date,7
22.7609 88.4001 B2000,1978 R,Rice,NA,NA,no planting date,10
22.7609 88.4001 B2000,1978 S,Jute Mallow,NA,NA,no planting date,10
22.7609 88.4001 B2000,1978 W,Wheat,NA,NA,no planting date,7
22.7609 88.4001 B2000,1979 R,Rice,NA,NA,no planting date,10
22.7609 88.4001 B2000,1979 S,Jute Mallow,NA,NA,no planting date,10
22.7609 88.4001 B2000,1979 W,Wheat,NA,NA,no planting date,7
22.7609 88.4001 B2000,1980 R,Rice,NA,NA,no planting date,10
22.7609 88.4001 B2000,1980 S,Jute Mallow,NA,NA,no planting date,10
22.7609 88.4001 B2000,1980 W,Wheat,NA,NA,no planting date,7
22.7609 88.4001 B2000,1981 R,Rice,NA,NA,no planting date,10
22.7609 88.4001 B2000,1981 S,Jute Mallow,NA,NA,no planting date,10
22.7609 88.4001 B2000,1981 W,Wheat,NA,NA,no planting date,7
22.7609 88.4001 B2000,1982 R,Rice,NA,NA,no planting date,10
22.7609 88.4001 B2000,1982 S,Jute Mallow,NA,NA,no planting date,10
22.7609 88.4001 B2000,1982 W,Wheat,NA,NA,no planting date,7
22.7609 88.4001 B2000,1983 R,Rice,NA,NA,no planting date,10
22.7609 88.4001 B2000,1983 S,Jute Mallow,NA,NA,no planting date,10
22.7609 88.4001 B2000,1983 W,Wheat,NA,NA,no planting date,7
22.7609 88.4001 B2000,1984 R,Rice,NA,NA,no planting date,10
22.7609 88.4001 B2000,1984 S,Jute Mallow,NA,NA,no planting date,10
22.7609 88.4001 B2000,1984 W,Wheat,NA,NA,no planting date,7
22.7609 88.4001 B2000,1985 R,Rice,NA,NA,no planting date,10
22.7609 88.4001 B2000,1985 S,Jute Mallow,NA,NA,no planting date,10
22.7609 88.4001 B2000,1985 W,Wheat,NA,NA,no planting date,7
22.7609 88.4001 B2000,1986 R,Rice,NA,NA,no planting date,10
22.7609 88.4001 B2000,1986 S,Jute Mallow,NA,NA,no planting date,10
22.7609 88.4001 B2000,1986 W,Wheat,NA,NA,no planting date,7
22.7609 88.4001 B2000,1987 R,Rice,NA,NA,no planting date,10
22.7609 88.4001 B2000,1987 S,Jute Mallow,NA,NA,no planting date,10
22.7609 88.4001 B2000,1987 W,Wheat,NA,NA,no planting date,7
22.7609 88.4001 B2000,1988 R,Rice,NA,NA,no planting date,10
22.7609 88.4001 B2000,1988 S,Jute Mallow,NA,NA,no planting date,10
22.7609 88.4001 B2000,1988 W,Wheat,NA,NA,no planting date,7
22.7609 88.4001 B2000,1989 R,Rice,NA,NA,no planting date,10
22.7609 88.4001 B2000,1989 S,Jute Mallow,NA,NA,no planting date,10
22.7609 88.4001 B2000,1989 W,Wheat,NA,NA,no planting date,7
22.7609 88.4001 B2000,1990 R,Rice,NA,NA,no planting date,10
22.7609 88.4001 B2000,1990 S,Jute Mallow,NA,NA,no planting date,10
22.7609 88.4001 B2000,1990 W,Wheat,NA,NA,no planting date,7
22.7609 88.4001 B2000,1991 R,Rice,NA,NA,no planting date,10
22.7609 88.4001 B2000,1991 S,Jute Mallow,NA,NA,no planting date,10
22.7609 88.4001 B2000,1991 W,Wheat,NA,NA,no planting date,7
22.7609 88.4001 B2000,1992 R,Rice,NA,NA,no planting date,10
22.7609 88.4001 B2000,1992 S,Jute Mallow,NA,NA,no planting date,10
22.7609 88.4001 B2000,1992 W,Wheat,NA,NA,no planting date,7
22.7609 88.4001 B2000,1993 R,Rice,NA,NA,no planting date,10
22.7609 88.4001 B2000,1993 S,Jute Mallow,NA,NA,no planting date,10
22.7609 88.4001 B2000,1993 W,Wheat,NA,NA,no planting date,7
22.7609 88.4001 B2000,1994 R,Rice,NA,NA,no planting date,10
22.7609 88.4001 B2000,1994 S,Jute Mallow,NA,NA,no planting date,10
22.7609 88.4001 B2000,1994 W,Wheat,NA,NA,no planting date,7
22.7609 88.4001 B2000,1995 R,Rice,NA,NA,no planting date,10
22.7609 88.4001 B2000,1995 S,Jute Mallow,NA,NA,no planting date,10
22.7609 88.4001 B2000,1995 W,Wheat,NA,NA,no planting date,7
22.7609 88.4001 B2000,1996 R,Rice,NA,NA,no planting date,10
22.7609 88.4001 B2000,1996 S,Jute Mallow,NA,NA,no planting date,10
22.7609 88.4001 B2000,1996 W,Wheat,NA,NA,no planting date,7
22.7609 88.4001 B2000,1997 R,Rice,NA,NA,no planting date,10
22.7609 88.4001 B2000,1997 S,Jute Mallow,NA,NA,no planting date,10
22.7609 88.4001 B2000,1997 W,Wheat,NA,NA,no planting date,7
22.7609 88.4001 B2000,1998 R,Rice,NA,NA,no planting date,10
22.7609 88.4001 B2000,1998 S,Jute Mallow,NA,NA,no planting date,10
22.7609 88.4001 B2000,1998 W,Wheat,NA,NA,no planting date,7
22.7609 88.4001 B2000,1999 R,Rice,NA,NA,no planting date,10
22.7609 88.4001 B2000,1999 S,Jute Mallow,NA,NA,no planting date,10
22.7609 88.4001 B2000,1999 W,Wheat,NA,NA,no planting date,7
22.7609 88.4001 B2000,2000 R,Rice,NA,NA,no planting date,10
22.7609 88.4001 B2000,2000 S,Jute Mallow,NA,NA,no planting date,10
22.7609 88.4001 B2000,2000 W,Wheat,NA,NA,no planting date,7
22.7609 88.4001 B2000,2001 S,Jute Mallow,NA,NA,no planting date,10
22.7609 88.4001 B2000,2001 S,Jute Mallow-Rice-Wheat,NA,NA,no planting date,30
22.7609 88.4001 B2000,2001 W,Wheat,NA,NA,no planting date,7
23.0040 88.9997 B3000,1997-W,Rice-Wheat,NA,NA,no planting date,22
23.1756 79.9426 B10000,1987 Kharif..1988 Rabi..1988 Kharif..1989 Rabi..1989 Kharif..1990 Rabi..1990 Kharif..1991 Rabi..1991 Kharif..1992 Rabi..1992 Kharif..1993 Rabi..1993 Kharif..1994 Rabi..1994 Kharif..1995 Rabi..1995 Kharif..1996 Rabi..1996 Kharif..1997 Rabi..1997 Kharif,Rice-Wheat,NA,NA,aggregated M.Year,78
23.1756 79.9426 B10000,2002 Kharif..2003 Kharif,Rice,NA,NA,aggregated M.Year,20
23.1756 79.9426 B10000,2003 Rabi..2004 Rabi,Wheat,NA,NA,aggregated M.Year,11
23.1756 79.9426 B10000,2004 Rabi,Rice-Wheat,NA,NA,no planting date,78
23.2154 79.9660 B1000,1973-SB,Soybean,1973-06-01,1973-06-30,no climate row for this key,1
23.2154 79.9660 B1000,1973-WH,Wheat,1972-11-01,1972-11-30,no climate row for this key,3
23.2154 79.9660 B1000,1974-SB,Soybean,1974-06-01,1974-06-30,no climate row for this key,1
23.2154 79.9660 B1000,1974-WH,Wheat,1973-11-01,1973-11-30,no climate row for this key,3
23.2154 79.9660 B1000,1975-SB,Soybean,1975-06-01,1975-06-30,no climate row for this key,1
23.2154 79.9660 B1000,1975-WH,Soybean-Wheat,NA,NA,no planting date,3
23.2154 79.9660 B1000,1975-WH,Wheat,1974-11-01,1974-11-30,no climate row for this key,3
23.2154 79.9660 B1000,1976-SB,Soybean,1976-06-01,1976-06-30,no climate row for this key,1
23.2154 79.9660 B1000,1976-WH,Wheat,1975-11-01,1975-11-30,no climate row for this key,3
23.2154 79.9660 B1000,1977-SB,Soybean,1977-06-01,1977-06-30,no climate row for this key,1
23.2154 79.9660 B1000,1977-WH,Wheat,1976-11-01,1976-11-30,no climate row for this key,3
23.2154 79.9660 B1000,1978-SB,Soybean,1978-06-01,1978-06-30,no climate row for this key,1
23.2154 79.9660 B1000,1978-WH,Wheat,1977-11-01,1977-11-30,no climate row for this key,3
23.2154 79.9660 B1000,1979-SB,Soybean,1979-06-01,1979-06-30,no climate row for this key,1
23.2154 79.9660 B1000,1979-WH,Wheat,1978-11-01,1978-11-30,no climate row for this key,3
23.2154 79.9660 B1000,1980-SB,Soybean,1980-06-01,1980-06-30,no climate row for this key,1
23.2154 79.9660 B1000,1980-WH,Soybean-Wheat,NA,NA,no planting date,3
23.2154 79.9660 B1000,1980-WH,Wheat,1979-11-01,1979-11-30,no climate row for this key,3
23.2154 79.9660 B1000,1981-SB,Soybean,1981-06-01,1981-06-30,no climate row for this key,1
23.2154 79.9660 B1000,1981-WH,Wheat,1980-11-01,1980-11-30,no climate row for this key,3
23.2154 79.9660 B1000,1982-SB,Soybean,1982-06-01,1982-06-30,no climate row for this key,1
23.2154 79.9660 B1000,1982-WH,Wheat,1981-11-01,1981-11-30,no climate row for this key,3
23.2154 79.9660 B1000,1983-SB,Soybean,1983-06-01,1983-06-30,no climate row for this key,1
23.2154 79.9660 B1000,1983-WH,Wheat,1982-11-01,1982-11-30,no climate row for this key,3
23.2154 79.9660 B1000,1984-WH,Wheat,1983-11-01,1983-11-30,no climate row for this key,3
23.2154 79.9660 B1000,1985-WH,Soybean-Wheat,NA,NA,no planting date,3
23.2154 79.9660 B1000,1985-WH,Wheat,1984-11-01,1984-11-30,no climate row for this key,3
23.2154 79.9660 B1000,1986-WH,Wheat,1985-11-01,1985-11-30,no climate row for this key,3
23.2154 79.9660 B1000,1988-WH,Wheat,1987-11-01,1987-11-30,no climate row for this key,3
23.2154 79.9660 B1000,1989-WH,Wheat,1988-11-01,1988-11-30,no climate row for this key,3
23.2154 79.9660 B1000,1990-WH,Soybean-Wheat,NA,NA,no planting date,3
23.2154 79.9660 B1000,1991-WH,Wheat,1990-11-01,1990-11-30,no climate row for this key,3
23.2154 79.9660 B1000,1992-WH,Wheat,1991-11-01,1991-11-30,no climate row for this key,3
23.2154 79.9660 B1000,1993-WH,Wheat,1992-11-01,1992-11-30,no climate row for this key,3
23.2154 79.9660 B1000,1994-WH,Wheat,1993-11-01,1993-11-30,no climate row for this key,3
23.2154 79.9660 B1000,1995-WH,Soybean-Wheat,NA,NA,no planting date,3
23.2154 79.9660 B1000,1995-WH,Wheat,1994-11-01,1994-11-30,no climate row for this key,3
23.2154 79.9660 B1000,1996-WH,Wheat,1995-11-01,1995-11-30,no climate row for this key,3
23.2154 79.9660 B1000,1997-WH,Wheat,1996-11-01,1996-11-30,no climate row for this key,3
23.2154 79.9660 B1000,1999-WH,Wheat,1998-11-01,1998-11-30,no climate row for this key,3
23.2154 79.9660 B1000,2000-WH,Soybean-Wheat,NA,NA,no planting date,3
23.2154 79.9660 B1000,2000-WH,Wheat,1999-11-01,1999-11-30,no climate row for this key,3
23.2154 79.9660 B1000,2001-WH,Wheat,2000-11-01,2000-11-30,no climate row for this key,3
23.2154 79.9660 B1000,2002-WH,Wheat,2001-11-01,2001-11-30,no climate row for this key,3
23.2154 79.9660 B1000,2003-WH,Wheat,2002-11-01,2002-11-30,no climate row for this key,3
23.2154 79.9660 B1000,2004-WH,Wheat,2003-11-01,2003-11-30,no climate row for this key,3
23.2154 79.9660 B1000,2005-WH,Soybean-Wheat,NA,NA,no planting date,3
23.2154 79.9660 B1000,2005-WH,Wheat,2004-11-01,2004-11-30,no climate row for this key,3
23.2154 79.9660 B1000,2006-WH,Wheat,2005-11-01,2005-11-30,no climate row for this key,3
23.2154 79.9660 B1000,2007-WH,Wheat,2006-11-01,2006-11-30,no climate row for this key,3
23.2154 79.9660 B1000,2008-WH,Wheat,2007-11-01,2007-11-30,no climate row for this key,3
23.2154 79.9660 B1000,2009-WH,Wheat,2008-11-01,2008-11-30,no climate row for this key,3
23.2154 79.9660 B1000,2010-WH,Soybean-Wheat,NA,NA,no planting date,3
23.2154 79.9660 B1000,2011-WH,Wheat,2010-11-01,2010-11-30,no climate row for this key,3
23.2154 79.9660 B1000,2012-WH,Wheat,2011-11-01,2011-11-30,no climate row for this key,3
23.2154 79.9660 B1000,2013-WH,Wheat,2012-11-01,2012-11-30,no climate row for this key,3
23.2154 79.9660 B1000,2014-WH,Wheat,2013-11-01,2013-11-30,no climate row for this key,3
23.2154 79.9660 B1000,2015-WH,Wheat,2014-11-01,2014-11-30,no climate row for this key,3
23.3066 77.4070 B500,2000-RS..2001-RS..2002-RS..2003-RS..2004-RS..2005-RS..2006-RS,Soybean,NA,NA,aggregated M.Year,9
23.3066 77.4070 B500,2007-WS,Soybean-Wheat,NA,NA,no planting date,42
23.3374 76.8063 B500,Year 5 Winter,Soybean-Wheat,NA,NA,no planting date,63
23.3620 72.9292 B200,2005,Castor-Guar Gum-Pearl Millet,NA,NA,no planting date,54
23.4260 85.3164 B1500,2018.2,Canola-Potato-Soybean-Wheat,NA,NA,no planting date,52
23.5000 88.2500 B4000,1971 R,Soybean,NA,NA,no planting date,10
23.5000 88.2500 B4000,1972 R,Soybean,NA,NA,no planting date,10
23.5000 88.2500 B4000,1973 R,Soybean,NA,NA,no planting date,6
23.5000 88.2500 B4000,1974 R,Soybean,NA,NA,no planting date,6
23.5000 88.2500 B4000,1975 R,Soybean,NA,NA,no planting date,6
23.5000 88.2500 B4000,1976 R,Soybean,NA,NA,no planting date,6
23.5000 88.2500 B4000,1977 R,Soybean,NA,NA,no planting date,6
23.5000 88.2500 B4000,1978 R,Soybean,NA,NA,no planting date,6
23.5000 88.2500 B4000,1979 R,Soybean,NA,NA,no planting date,6
23.5000 88.2500 B4000,1980 R,Soybean,NA,NA,no planting date,6
23.5000 88.2500 B4000,1981 R,Soybean,NA,NA,no planting date,6
23.5000 88.2500 B4000,1982 R,Soybean,NA,NA,no planting date,6
23.5000 88.2500 B4000,1983 R,Soybean,NA,NA,no planting date,6
23.5000 88.2500 B4000,1984 R,Soybean,NA,NA,no planting date,6
23.5000 88.2500 B4000,1985 R,Soybean,NA,NA,no planting date,6
23.5000 88.2500 B4000,1986 R,Soybean,NA,NA,no planting date,6
23.5000 88.2500 B4000,1987 R,Soybean,NA,NA,no planting date,6
23.5000 88.2500 B4000,1988 R,Soybean,NA,NA,no planting date,6
23.5000 88.2500 B4000,1989 R,Soybean,NA,NA,no planting date,6
23.5000 88.2500 B4000,1990 R,Soybean,NA,NA,no planting date,6
23.5000 88.2500 B4000,1991 R,Soybean,NA,NA,no planting date,6
23.5000 88.2500 B4000,1992 R,Soybean,NA,NA,no planting date,6
23.5000 88.2500 B4000,1993 R,Soybean,NA,NA,no planting date,6
23.5000 88.2500 B4000,1994 R,Soybean,NA,NA,no planting date,6
23.5000 88.2500 B4000,1995 R,Soybean,NA,NA,no planting date,6
23.5000 88.2500 B4000,1996 R,Soybean,NA,NA,no planting date,6
23.5000 88.2500 B4000,1997 R,Soybean,NA,NA,no planting date,6
23.5000 88.2500 B4000,1998 R,Soybean,NA,NA,no planting date,6
23.5000 88.2500 B4000,1999 R,Soybean,NA,NA,no planting date,6
23.5000 88.2500 B4000,2001 W,Potato-Soybean-Wheat,NA,NA,no planting date,18
23.7074 74.6379 B350000,2008-B,Black Gram,2008-02-01,2008-05-31,no climate row for this key,11
23.7074 74.6379 B350000,2008-B..2009-B..2010-B..2011-B..2012-B,Black Gram,NA,NA,aggregated M.Year,11
23.7074 74.6379 B350000,2008-M,Maize,2007-08-01,2007-12-31,no climate row for this key,11
23.7074 74.6379 B350000,2008-M..2009-M..2010-M..2011-M..2012-M,Maize,NA,NA,aggregated M.Year,11
23.7074 74.6379 B350000,2010-B,Black Gram,2010-02-01,2010-05-31,no climate row for this key,11
23.7074 74.6379 B350000,2010-M,Maize,2009-08-01,2009-12-31,no climate row for this key,11
23.7074 74.6379 B350000,2012-B,Black Gram,2012-02-01,2012-05-31,no climate row for this key,11
23.7074 74.6379 B350000,2012-B,Black Gram-Maize,NA,NA,no planting date,15
23.7074 74.6379 B350000,2012-M,Maize,2011-08-01,2011-12-31,no climate row for this key,11
23.9918 90.4073 B1800,1993.1..1993.2..1993.3..1994.1..1994.2..1994.3..1995.1..1995.2..1995.3..1996.1..1996.2..1996.3..1997.1..1997.2..1997.3..1998.1..1998.2..1998.3..1999.1..1999.2..1999.3,Natural Fallow-Rice,NA,NA,aggregated M.Year,152
23.9918 90.4073 B1800,1993.3..1994.3..1995.3..1996.3..1997.3..1998.3..1999.3,Rice,NA,NA,aggregated M.Year,94
23.9918 90.4073 B1800,1999.3,Natural Fallow-Rice,NA,NA,no planting date,110
23.9919 90.4072 B200,1985.1..1985.2,Rice,NA,NA,aggregated M.Year,9
23.9919 90.4072 B200,2015.2,Rice,2015-07-01,2015-07-30,no climate row for this key,27
24.3833 90.1333 B1800,2009.2,Mung Bean,NA,NA,no planting date,6
24.3833 90.1333 B1800,2009.3,Wheat,NA,NA,no planting date,6
24.3833 90.1333 B1800,2010.2,Mung Bean,2010-04-08,2010-04-14,no climate row for this key,6
24.3833 90.1333 B1800,2010.3,Wheat,NA,NA,no planting date,6
24.3833 90.1333 B1800,2011.2,Mung Bean,NA,NA,no planting date,6
24.3833 90.1333 B1800,2011.3,Wheat,NA,NA,no planting date,6
24.3833 90.1333 B1800,2012.2,Mung Bean,NA,NA,no planting date,6
24.3833 90.1333 B1800,2012.3,Wheat,NA,NA,no planting date,6
24.6000 82.1200 B3000,1978 Kharif,Rice,1978-07-01,1978-07-30,no climate row for this key,6
24.6000 82.1200 B3000,1979 Kharif,Rice,1979-07-01,1979-07-30,no climate row for this key,6
24.6000 82.1200 B3000,1979 Rabi,Wheat,1978-11-01,1978-11-30,no climate row for this key,6
24.6000 82.1200 B3000,1980 Kharif,Rice,1980-07-01,1980-07-30,no climate row for this key,6
24.6000 82.1200 B3000,1980 Rabi,Wheat,1979-11-01,1979-11-30,no climate row for this key,6
24.6000 82.1200 B3000,1981 Kharif,Rice,1981-07-01,1981-07-30,no climate row for this key,6
24.6000 82.1200 B3000,1981 Rabi,Wheat,1980-11-01,1980-11-30,no climate row for this key,6
24.6000 82.1200 B3000,1982 Kharif,Rice,1982-07-01,1982-07-30,no climate row for this key,6
24.6000 82.1200 B3000,1982 Rabi,Wheat,1981-11-01,1981-11-30,no climate row for this key,6
24.6000 82.1200 B3000,1983 Kharif,Rice,1983-07-01,1983-07-30,no climate row for this key,6
24.6000 82.1200 B3000,1983 Rabi,Wheat,1982-11-01,1982-11-30,no climate row for this key,6
24.6000 82.1200 B3000,1984 Rabi,Wheat,1983-11-01,1983-11-30,no climate row for this key,6
24.6000 82.1200 B3000,1985 Rabi,Wheat,1984-11-01,1984-11-30,no climate row for this key,6
24.6000 82.1200 B3000,1986 Rabi,Wheat,1985-11-01,1985-11-30,no climate row for this key,6
24.6000 82.1200 B3000,1988 Rabi,Wheat,1987-11-01,1987-11-30,no climate row for this key,6
24.6000 82.1200 B3000,1989 Rabi,Wheat,1988-11-01,1988-11-30,no climate row for this key,6
24.6000 82.1200 B3000,1991 Rabi,Wheat,1990-11-01,1990-11-30,no climate row for this key,6
24.6000 82.1200 B3000,1992 Rabi,Wheat,1991-11-01,1991-11-30,no climate row for this key,6
24.6000 82.1200 B3000,1993 Rabi,Rice-Wheat,NA,NA,no planting date,12
24.6000 82.1200 B3000,1993 Rabi,Wheat,1992-11-01,1992-11-30,no climate row for this key,6
24.6000 82.1200 B3000,1994 Rabi,Wheat,1993-11-01,1993-11-30,no climate row for this key,6
24.6000 82.1200 B3000,1995 Rabi,Wheat,1994-11-01,1994-11-30,no climate row for this key,6
24.6000 82.1200 B3000,1996 Rabi,Wheat,1995-11-01,1995-11-30,no climate row for this key,6
24.6000 82.1200 B3000,1997 Rabi,Wheat,1996-11-01,1996-11-30,no climate row for this key,6
25.2550 82.9848 B200,1996 Lentil,Lentil-Rice,NA,NA,no planting date,24
25.2550 82.9848 B200,2006-L,Lentil-Rice,NA,NA,no planting date,84
25.3000 83.0500 B1500,2019-L,Lentil-Rice,NA,NA,no planting date,18
25.3000 83.0500 B7000,1986-W,Wheat,1985-11-01,1985-11-30,no climate row for this key,5
25.3000 83.0500 B7000,1997-W,Wheat,1996-11-01,1996-11-30,no climate row for this key,5
25.9790 85.6800 B1000,2006.1..2006.2..2007.1..2007.2..2008.1..2008.2..2009.1..2009.2..2010.1..2010.2..2011.1..2011.2..2012.1..2012.2..2013.1..2013.2,Rice-Wheat,NA,NA,aggregated M.Year,22
25.9790 85.6800 B1000,2006.1..2007.1..2008.1..2009.1..2010.1..2011.1..2012.1..2013.1,Rice,NA,NA,aggregated M.Year,16
25.9790 85.6800 B1000,2006.2..2007.2..2008.2..2009.2..2010.2..2011.2..2012.2..2013.2,Wheat,NA,NA,aggregated M.Year,12
25.9790 85.6800 B1000,2007.1,Rice,NA,NA,no planting date,16
25.9790 85.6800 B1000,2007.2,Wheat,NA,NA,no planting date,12
25.9790 85.6800 B1000,2008.1,Rice,NA,NA,no planting date,16
25.9790 85.6800 B1000,2008.2,Wheat,NA,NA,no planting date,12
25.9790 85.6800 B1000,2009.1,Rice,NA,NA,no planting date,16
25.9790 85.6800 B1000,2009.2,Wheat,NA,NA,no planting date,12
25.9790 85.6800 B1000,2010.1,Rice,NA,NA,no planting date,16
25.9790 85.6800 B1000,2010.2,Wheat,NA,NA,no planting date,12
25.9790 85.6800 B1000,2011.1,Rice,NA,NA,no planting date,16
25.9790 85.6800 B1000,2011.2,Wheat,NA,NA,no planting date,12
25.9790 85.6800 B1000,2012.1,Rice,NA,NA,no planting date,16
25.9790 85.6800 B1000,2012.2,Wheat,NA,NA,no planting date,12
25.9790 85.6800 B1000,2013.1,Rice,NA,NA,no planting date,16
25.9790 85.6800 B1000,2013.2,Wheat,NA,NA,no planting date,12
26.0667 82.1333 B5000,1985-W,Wheat,1984-11-01,1984-11-30,no climate row for this key,5
26.0667 82.1333 B5000,1997-W,Rice-Wheat,NA,NA,no planting date,22
26.0667 82.1333 B5000,1997-W,Wheat,1996-11-01,1996-11-30,no climate row for this key,5
26.9667 80.5667 B5000,1985-W,Wheat,1984-11-01,1984-11-30,no climate row for this key,5
26.9667 80.5667 B5000,1997-W,Rice-Wheat,NA,NA,no planting date,11
26.9667 80.5667 B5000,1997-W,Wheat,1996-11-01,1996-11-30,no climate row for this key,5
26.9667 80.5667 B5000,2002-R,Rice,2002-07-01,2002-07-31,no climate row for this key,4
27.0700 84.9290 B500,1978.2,Rice,NA,NA,no planting date,2
27.0700 84.9290 B500,1979.1,Rice,1979-04-11,1979-04-11,no climate row for this key,1
27.0700 84.9290 B500,1980.1,Rice,1980-04-15,1980-04-15,no climate row for this key,2
27.0700 84.9290 B500,1982.1,Rice,1982-04-16,1982-04-16,no climate row for this key,1
27.0700 84.9290 B500,1983.1,Rice,1983-04-25,1983-04-25,no climate row for this key,1
27.0700 84.9290 B500,1988.3,Rice-Wheat,NA,NA,no planting date,2
27.0700 84.9290 B500,1991.3,Rice-Wheat,NA,NA,no planting date,2
27.0700 84.9290 B500,1992.3,Rice-Wheat,NA,NA,no planting date,2
27.0700 84.9290 B500,1993.3,Rice-Wheat,NA,NA,no planting date,2
27.0700 84.9290 B500,1994.3,Rice-Wheat,NA,NA,no planting date,2
27.0700 84.9290 B500,1996.3,Rice-Wheat,NA,NA,no planting date,2
27.0700 84.9290 B500,1997.3,Rice-Wheat,NA,NA,no planting date,2
27.0775 84.9297 B500,1980.2..1981.2..1982.2..1983.2..1984.2..1985.2..1986.2..1987.2..1988.2..1989.2..1990.2..1991.2..1992.2..1993.2..1994.2..1995.2..1996.2..1997.2..1998.2..1999.2..2000.2,Rice,NA,NA,aggregated M.Year,14
27.0775 84.9297 B500,1980.2..1981.2..1982.2..1983.2..1984.2..1985.2..1986.2..1987.2..1988.2..1989.2..1990.2..1991.2..1992.2..1993.2..1994.2..1995.2..1996.2..1997.2..1998.2..1999.2..2000.2,Wheat,NA,NA,aggregated M.Year,33
28.6366 77.1545 B1500,2013.2..2014.1,Chickpea-Maize,NA,NA,aggregated M.Year,6
28.6366 77.1545 B1500,2014.2..2015.1,Chickpea-Maize,NA,NA,aggregated M.Year,6
28.6366 77.1545 B1500,2015.2..2016.1,Chickpea-Maize,NA,NA,aggregated M.Year,6
28.6366 77.1545 B1500,2016.2..2017.1,Chickpea-Maize,NA,NA,aggregated M.Year,2
28.6366 77.1545 B1500,2017.2..2018.1,Chickpea-Maize,NA,NA,aggregated M.Year,6
28.6366 77.1545 B1500,2018.2..2019.1,Chickpea-Maize,NA,NA,aggregated M.Year,6
28.6366 77.1545 B1500,2019.2..2020.1,Chickpea-Maize,NA,NA,aggregated M.Year,6
28.6366 77.1545 B1500,2020.1,Chickpea-Maize,NA,NA,no planting date,20
28.6378 77.1604 B200,2001.3,Cowpea-Maize-Pearl Millet-Wheat,NA,NA,no planting date,74
28.6378 77.1604 B200,2011-Kharif,Rice,2011-06-01,2011-07-30,no climate row for this key,5
28.6378 77.1604 B200,2011-Rabi,Natural Fallow-Rice-Wheat,NA,NA,no planting date,12
28.6378 77.1604 B200,2011-Rabi,Rice-Wheat,NA,NA,no planting date,3
28.6378 77.1604 B200,2011-Rabi,Wheat,2010-10-01,2010-10-30,no climate row for this key,5
28.6378 77.1604 B200,2013-MZ..2014-MT,Ethiopian Mustard-Maize,NA,NA,aggregated M.Year,4
28.6378 77.1604 B200,2014-MZ..2015-MT,Ethiopian Mustard-Maize,NA,NA,aggregated M.Year,4
28.6378 77.1604 B200,2015-MZ..2016-MT,Ethiopian Mustard-Maize,NA,NA,aggregated M.Year,4
28.6378 77.1604 B200,2016-MZ..2017-MT,Ethiopian Mustard-Maize,NA,NA,aggregated M.Year,4
28.6378 77.1604 B200,2017-MT,Ethiopian Mustard-Maize,NA,NA,no planting date,6
28.6378 77.1604 B200,2017-MZ..2018-MT,Ethiopian Mustard-Maize,NA,NA,aggregated M.Year,4
28.6378 77.1604 B200,2018-MZ..2019-MT,Ethiopian Mustard-Maize,NA,NA,aggregated M.Year,4
28.6439 77.1522 B100,2019.1,Mung Bean,2019-04-01,2019-04-30,no climate row for this key,4
28.6439 77.1522 B100,2019.3,Rice-Wheat,NA,NA,no planting date,3
28.6439 77.1522 B100,2020.3,Rice-Wheat,NA,NA,no planting date,12
29.0000 79.5000 B2000,1971-R..1972-R..1973-R..1974-R..1975-R..1976-R..1977-R..1978-R..1979-R..1980-R..1981-R..1982-R..1983-R..1984-R..1985-R..1986-R..1987-R..1988-R..1989-R..1990-R..1991-R..1992-R..1993-R..1994-R..1995-R..1996-R..1997-R..1998-R..1999-R..2000-R..2001-R..2002-R..2003-R..2004-R..2005-R..2006-R..2007-R..2008-R..2009-R..2010-R..2011-R..2012-R,Rice,NA,NA,aggregated M.Year,30
29.0192 79.4540 B3000,1983-R,Rice,1983-07-01,1983-07-07,no climate row for this key,9
29.0192 79.4540 B3000,1984-W,Wheat,1983-11-01,1983-11-30,no climate row for this key,5
29.0192 79.4540 B3000,1997-W,Rice-Wheat,NA,NA,no planting date,11
29.0192 79.4540 B3000,1997-W,Wheat,1996-11-01,1996-11-30,no climate row for this key,5
29.0768 77.7049 B100,1994.1..1995.1..1996.1..1997.1..1998.1,Wheat,NA,NA,aggregated M.Year,4
29.0768 77.7049 B100,1994.2..1995.2 ..1996.2..1997.2 ..1998.2,Rice,NA,NA,aggregated M.Year,4
29.0768 77.7049 B100,2003-W,Rice-Wheat,NA,NA,no planting date,2
29.0768 77.7049 B100,2007.1..2008.1..2009.1..2010.1..2011.1,Wheat,NA,NA,aggregated M.Year,4
29.0768 77.7049 B100,2007.2 ..2008.2 ..2009.2 ..2010.2 ..2011.2,Rice,NA,NA,aggregated M.Year,4
29.0768 77.7049 B100,2008-W,Rice-Wheat,NA,NA,no planting date,2
29.0768 77.7049 B100,2011.1,Rice-Wheat,NA,NA,no planting date,4
29.0768 77.7049 B100,2011.3,Rice-Wheat,NA,NA,no planting date,12
29.0768 77.7049 B100,2013-W,Rice-Wheat,NA,NA,no planting date,2
29.0768 77.7049 B100,2018-W,Rice-Wheat,NA,NA,no planting date,1
29.5849 79.6490 B1000,1997.1,Wheat,1996-11-01,1996-11-30,no climate row for this key,9
29.5849 79.6490 B1000,1999.1,Wheat,1998-11-01,1998-11-30,no climate row for this key,9
29.5849 79.6490 B1000,2000.1,Wheat,1999-11-01,1999-11-30,no climate row for this key,9
29.5849 79.6490 B1000,2001.1,Wheat,2000-11-01,2000-11-30,no climate row for this key,9
29.5849 79.6490 B1000,2002.1,Wheat,2001-11-01,2001-11-30,no climate row for this key,9
29.5849 79.6490 B1000,2003.1,Wheat,2002-11-01,2002-11-30,no climate row for this key,9
29.5849 79.6490 B1000,2004.1,Wheat,2003-11-01,2003-11-30,no climate row for this key,9
29.5849 79.6490 B1000,2005.1,Wheat,2004-11-01,2004-11-30,no climate row for this key,9
29.5849 79.6490 B1000,2006.1,Wheat,2005-11-01,2005-11-30,no climate row for this key,9
29.5849 79.6490 B1000,2007.1,Wheat,2006-11-01,2006-11-30,no climate row for this key,9
29.5849 79.6490 B1000,2008.1,Wheat,2007-11-01,2007-11-30,no climate row for this key,9
29.5849 79.6490 B1000,2009.1,Wheat,2008-11-01,2008-11-30,no climate row for this key,9
29.5849 79.6490 B1000,2010.1,Wheat,2009-11-01,2009-11-30,no climate row for this key,9
29.5849 79.6490 B1000,2011.1,Wheat,2010-11-01,2010-11-30,no climate row for this key,9
29.5849 79.6490 B1000,2012.1,Wheat,2011-11-01,2011-11-30,no climate row for this key,9
29.5849 79.6490 B1000,2013.1,Wheat,2012-11-01,2012-11-30,no climate row for this key,9
29.5849 79.6490 B1000,2014.1,Wheat,2013-11-01,2013-11-30,no climate row for this key,9
29.5849 79.6490 B1000,2016.1,Wheat,2015-11-01,2015-11-30,no climate row for this key,9
29.5849 79.6490 B1000,2016.2,Soybean-Wheat,NA,NA,no planting date,24
29.5895 79.6440 B1800,2017-W,Rice-Wheat,NA,NA,no planting date,14
29.6000 79.6667 B1800,2006-SB..2007-SB..2008-SB..2009-SB..2010-SB..2011-SB..2012-SB..2013-SB..2014-SB,Soybean,NA,NA,aggregated M.Year,114
29.6000 79.6667 B1800,2006-SB..2015-WH..2007-SB..2007-WH..2008-SB..2008-WH..2009-SB..2009-WH..2010-SB..2010-WH..2011-SB..2011-WH..2012-SB..2012-WH..2013-SB..2013-WH..2014-SB..2014-WH,Soybean-Wheat,NA,NA,aggregated M.Year,90
29.6000 79.6667 B1800,2007-WH..2008-WH..2009-WH..2010-WH..2011-WH..2012-WH..2013-WH..2014-WH..2015-WH,Wheat,NA,NA,aggregated M.Year,105
29.6085 79.6519 B1500,1973-S..1974-S..1975-S..1976-S..1977-S..1978-S..1979-S..1980-S..1981-S..1982-S..1983-S..1984-S..1985-S..1986-S..1987-S..1988-S..1989-S..1990-S..1991-S..1992-S..1993-S..1994-S..1995-S..1996-S..1997-S..1998-S..1999-S..2000-S..2001-S..2002-S..2003-S,Soybean,NA,NA,aggregated M.Year,10
29.6085 79.6519 B1500,1973-W..1973-S..1974-W..1974-S..1975-W..1975-S..1976-W..1976-S..1977-W..1977-S..1978-W..1978-S..1979-W..1979-S..1980-W..1980-S..1981-W..1981-S..1982-W..1982-S..1983-W..1983-S..1984-W..1984-S..1985-W..1985-S..1986-W..1986-S..1987-W..1987-S..1988-W..1988-S..1989-W..1989-S..1990-W..1990-S..1991-W..1991-S..1992-W..1992-S..1993-W..1993-S..1994-W..1994-S..1995-W..1995-S..1996-W..1996-S..1997-W..1997-S..1998-W..1998-S..1999-W..1999-S..2000-W..2000-S..2001-W..2001-S..2002-W..2002-S..2003-W..2003-S,Soybean-Wheat,NA,NA,aggregated M.Year,12
29.6085 79.6519 B1500,1973-W..2002-W..2003-W,Wheat,NA,NA,aggregated M.Year,10
30.1390 31.2660 B250,2014-W..2015-W..2016-W..2017-W..2018-W,Egyptian Clover,NA,NA,aggregated M.Year,30
30.9042 75.8064 B200,1983-RS..1984-RS..1985-RS..1986-RS..1987-RS..1988-RS..1989-RS..1990-RS..1991-RS..1992-RS..1993-RS..1994-RS..1995-RS..1996-RS..1997-RS,Rice,NA,NA,aggregated M.Year,24
30.9042 75.8064 B200,1984-WS..1985-WS..1986-WS..1987-WS..1988-WS..1989-WS..1990-WS..1991-WS..1992-WS..1993-WS..1994-WS..1995-WS..1996-WS..1997-WS..1998-WS,Wheat,NA,NA,aggregated M.Year,8
30.9042 75.8064 B200,1988-RS..1989-RS..1990-RS..1991-RS..1992-RS..1993-RS..1994-RS..1995-RS..1996-RS..1997-RS..1998-RS..1999-RS,Rice,NA,NA,aggregated M.Year,3
30.9042 75.8064 B200,1988.2..1989.2..1990.2..1991.2,Rice,NA,NA,aggregated M.Year,8
30.9042 75.8064 B200,1989-WS,Natural Fallow-Rice-Wheat,NA,NA,no planting date,1
30.9042 75.8064 B200,1989-WS,Rice-Wheat,NA,NA,no planting date,2
30.9042 75.8064 B200,1989-WS..1990-WS..1991-WS..1992-WS..1993-WS..1994-WS..1995-WS..1996-WS..1997-WS..1998-WS..1999-WS..2000-WS,Wheat,NA,NA,aggregated M.Year,6
30.9042 75.8064 B200,1989.1..1990.1..1991.1..1992.1,Wheat,NA,NA,aggregated M.Year,4
30.9042 75.8064 B200,1991-WS,Natural Fallow-Rice-Wheat,NA,NA,no planting date,1
30.9042 75.8064 B200,1991-WS,Rice-Wheat,NA,NA,no planting date,2
30.9042 75.8064 B200,1993-WS,Natural Fallow-Rice-Wheat,NA,NA,no planting date,1
30.9042 75.8064 B200,1993-WS,Rice-Wheat,NA,NA,no planting date,2
30.9042 75.8064 B200,1995-WS,Natural Fallow-Rice-Wheat,NA,NA,no planting date,1
30.9042 75.8064 B200,1995-WS,Rice-Wheat,NA,NA,no planting date,2
30.9042 75.8064 B200,1997-WS,Natural Fallow-Rice-Wheat,NA,NA,no planting date,1
30.9042 75.8064 B200,1997-WS,Rice-Wheat,NA,NA,no planting date,2
30.9042 75.8064 B200,1999-WS,Natural Fallow-Rice-Wheat,NA,NA,no planting date,1
30.9042 75.8064 B200,1999-WS,Rice-Wheat,NA,NA,no planting date,2
30.9042 75.8064 B200,2006 W,Cowpea-Maize-Wheat,NA,NA,no planting date,88
30.9042 75.8064 B200,2006 W,Wheat,2005-11-01,2005-11-15,no climate row for this key,32
30.9353 75.8667 B5000,1983-R,Rice,1983-07-01,1983-07-07,no climate row for this key,9
30.9353 75.8667 B5000,1983-R,Rice,1983-07-01,1983-07-31,no climate row for this key,2
30.9353 75.8667 B5000,1997-R,Rice,1997-07-01,1997-07-31,no climate row for this key,3
30.9353 75.8667 B5000,1997-W,Rice-Wheat,NA,NA,no planting date,22
30.9353 75.8667 B5000,1997-W,Wheat,1996-11-01,1996-11-30,no climate row for this key,5
31.0998 76.3869 B500,2000 Kharif..2001 Kharif..2002 Kharif..2003 Kharif..2004 Kharif..2005 Kharif..2006 Kharif,Maize,NA,NA,aggregated M.Year,6
31.0998 76.3869 B500,2001 Rabi,Wheat,2000-10-01,2000-11-30,no climate row for this key,2
31.0998 76.3869 B500,2001 Rabi..2002 Rabi..2003 Rabi..2004 Rabi..2005 Rabi..2006 Rabi,Wheat,NA,NA,aggregated M.Year,6
31.0998 76.3869 B500,2002 Rabi,Wheat,2001-10-01,2001-11-30,no climate row for this key,2
31.0998 76.3869 B500,2003 Rabi,Wheat,2002-10-01,2002-11-30,no climate row for this key,2
31.0998 76.3869 B500,2004 Rabi,Wheat,2003-10-01,2003-11-30,no climate row for this key,2
31.0998 76.3869 B500,2005 Rabi,Wheat,2004-10-01,2004-11-30,no climate row for this key,2
31.0998 76.3869 B500,2006 Rabi,Wheat,2005-10-01,2005-11-30,no climate row for this key,2
32.0967 76.5463 B1500,1972.2..1973.2..1974.2..1975.2..1976.2..1977.2..1978.2..1979.2..1980.2..1981.2..1982.2..1983.2..1984.2..1985.2..1986.2..1987.2..1988.2..1989.2..1990.2..1991.2..1992.2..1993.2..1994.2..1995.2..1996.2..1997.2..1998.2..1999.2..2000.2..2001.2..2002.2..2003.2..2004.2..2005.2..2006.2..2007.2..2008.2..2009.2..2010.2..2011.2..2012.2..2013.2..2014.2..2015.2..2016.2,Wheat,NA,NA,aggregated M.Year,54
32.1000 76.5466 B500,1991-Kharif..1992-Kharif..1993-Kharif..1994-Kharif..1995-Kharif..1996-Kharif..1997-Kharif..1998-Kharif..1999-Kharif..2000-Kharif..2001-Kharif..2002-Kharif..2003-Kharif..2004-Kharif..2005-Kharif..2006-Kharif..2007-Kharif..2008-Kharif..2009-Kharif,Rice,NA,NA,aggregated M.Year,7
32.1000 76.5466 B500,1992-Rabi..1993-Rabi..1994-Rabi..1995-Rabi..1996-Rabi..1997-Rabi..1998-Rabi..1999-Rabi..2000-Rabi..2001-Rabi..2002-Rabi..2003-Rabi..2004-Rabi..2005-Rabi..2006-Rabi..2007-Rabi..2008-Rabi..2009-Rabi..2010-Rabi,Wheat,NA,NA,aggregated M.Year,13
32.1000 76.5466 B500,2010-Rabi,Rice-Wheat,NA,NA,no planting date,39
32.3563 -8.8319 B2570,2015,Chickpea-Wheat,NA,NA,no planting date,17
33.5618 -6.6890 B850,2015,Chickpea-Wheat,NA,NA,no planting date,5
33.6071 -6.7149 B300,2019,Barley-Chickpea-Lentil-Wheat,NA,NA,no planting date,4
33.9238 -6.8468 B8000,2009,Barley-Wheat,NA,NA,no planting date,14
33.9238 -6.8468 B8000,2009.2010,Barley-Wheat,NA,NA,no planting date,2
33.9238 -6.8468 B8000,2010,Barley-Wheat,NA,NA,no planting date,32
33.9238 -6.8468 B8000,2010.2011,Barley-Wheat,NA,NA,no planting date,1
33.9613 -6.8052 B8000,2009.2010,Barley-Wheat,NA,NA,no planting date,2
36.6833 10.2500 B500,1996,Peach & Nectarine,NA,NA,no planting date,5
36.6833 10.2500 B500,1997,Peach & Nectarine,NA,NA,no planting date,5
36.6833 10.2500 B500,1998,Peach & Nectarine,NA,NA,no planting date,5
36.6833 10.2500 B500,1999,Peach & Nectarine,NA,NA,no planting date,3
36.6833 10.2500 B500,2000,Peach & Nectarine,NA,NA,no planting date,3
36.6833 10.2500 B500,2001,Peach & Nectarine,NA,NA,no planting date,3
36.6833 10.2500 B500,2002,Peach & Nectarine,NA,NA,no planting date,3
36.6833 10.2500 B917,1996.2002,Peach & Nectarine,NA,NA,no planting date,3
36.6833 10.2500 B917,2006.2008,Peach & Nectarine,NA,NA,no planting date,1
